SHOP_ID,MERCHANT_NAME,CARRIER,LABEL_SERVICE,SHIPPING_INTEGRATION_NAME,TRACKING_NUMBER,PKG_WEIGHT_IN_GRAMS,TOTAL_LABEL_RATE_SHOPPER_CURRENCY,TOTAL_LABEL_RATE_USD,ORIGIN_CITY,ORIGIN_STATE,ORIGIN_ZIP,DESTINATION_CITY,DESTINATION_STATE,DESTINATION_ZIP,RETURN_ID,LABEL_CREATED_DATE,LABEL_UPDATE_DATE
925,Brooklinen,FedEx,FEDEX_GROUND,EasyPost,396214334172,1190,7.98,,Wilmington,North Carolina,28405,Pittston,Pennsylvania,18640,92701862,12/4/2025,12/4/2025
925,Brooklinen,FedEx,FEDEX_GROUND,EasyPost,396192285481,4139,7.5,,Dallas,Texas,75229,Arlington,Texas,76015,94101379,12/3/2025,12/3/2025
925,Brooklinen,FedEx,FEDEX_GROUND,EasyPost,396190788117,1871,7.75,,austin,Texas,78702,Arlington,Texas,76015,94106386,12/3/2025,12/3/2025
925,Brooklinen,FedEx,FEDEX_GROUND,EasyPost,396192053745,3486,7.5,,NY,New York,10013,Pittston,Pennsylvania,18640,94217400,12/3/2025,12/3/2025
925,Brooklinen,FedEx,FEDEX_GROUND,EasyPost,396231368449,1871,7.5,,New York,New York,10023,Pittston,Pennsylvania,18640,94224212,12/4/2025,12/4/2025
925,Brooklinen,FedEx,FEDEX_GROUND,EasyPost,396183459945,3316,7.75,,Leesburg,Virginia,20175,Pittston,Pennsylvania,18640,94226092,12/3/2025,12/3/2025
925,Brooklinen,FedEx,FEDEX_GROUND,EasyPost,396199447778,5187,7.98,,Winston-Salem,North Carolina,27104,Pittston,Pennsylvania,18640,94229908,12/3/2025,12/4/2025
925,Brooklinen,FedEx,FEDEX_GROUND,EasyPost,396191982132,11027,11.32,,Foothill Ranch,California,92610,Marysville,California,95901,94235566,12/3/2025,12/3/2025
925,Brooklinen,FedEx,FEDEX_GROUND,EasyPost,396191894111,2324,7.5,,Long Island City,New York,11103,Pittston,Pennsylvania,18640,94310809,12/3/2025,12/3/2025
925,Brooklinen,FedEx,FEDEX_GROUND,EasyPost,396191575184,4564,8.22,,Nashville,Tennessee,37215,Pittston,Pennsylvania,18640,94338939,12/3/2025,12/4/2025
925,Brooklinen,FedEx,FEDEX_GROUND,EasyPost,396191413930,3316,7.5,,Hoboken,New Jersey,7030,Pittston,Pennsylvania,18640,94381733,12/3/2025,12/3/2025
925,Brooklinen,FedEx,FEDEX_GROUND,EasyPost,396144115208,1842,7.75,,Escondido,California,92029,North Las Vegas,Nevada,89115,94404231,12/3/2025,12/4/2025
925,Brooklinen,FedEx,FEDEX_GROUND,EasyPost,396144210426,2097,8.61,,Peachtree Corners,Georgia,30092,Pittston,Pennsylvania,18640,94404550,12/3/2025,12/3/2025
925,Brooklinen,FedEx,FEDEX_GROUND,EasyPost,396144287368,5528,7.75,,Los Angeles,California,90068,North Las Vegas,Nevada,89115,94404809,12/3/2025,12/3/2025
925,Brooklinen,FedEx,FEDEX_GROUND,EasyPost,396144292952,198,7.98,,San Francisco,California,94131,North Las Vegas,Nevada,89115,94404830,12/3/2025,12/4/2025
925,Brooklinen,FedEx,FEDEX_GROUND,EasyPost,396144397821,2097,8.61,,Aurora,Colorado,80013,Arlington,Texas,76015,94405210,12/3/2025,12/3/2025
925,Brooklinen,FedEx,FEDEX_GROUND,EasyPost,396144474890,4819,7.98,,Cary,North Carolina,27519,Pittston,Pennsylvania,18640,94405453,12/3/2025,12/4/2025
925,Brooklinen,FedEx,FEDEX_GROUND,EasyPost,396144766640,1502,7.5,,Ossining,New York,10562,Pittston,Pennsylvania,18640,94406391,12/3/2025,12/4/2025
925,Brooklinen,FedEx,FEDEX_GROUND,EasyPost,396145100131,226,7.75,,Carlsbad,California,92008,North Las Vegas,Nevada,89115,94407617,12/3/2025,12/3/2025
925,Brooklinen,FedEx,FEDEX_2_DAY,EasyPost,396145166640,2239,21.67,,Kailua,Hawaii,96734,North Las Vegas,Nevada,89115,94407856,12/3/2025,12/3/2025
925,Brooklinen,FedEx,FEDEX_GROUND,EasyPost,396145381759,368,7.5,,New Providence,New Jersey,7974,Pittston,Pennsylvania,18640,94408562,12/3/2025,12/3/2025
925,Brooklinen,FedEx,FEDEX_GROUND,EasyPost,396145603936,3316,8.3,,Minneapolis,Minnesota,55418,Pittston,Pennsylvania,18640,94409325,12/3/2025,12/3/2025
925,Brooklinen,FedEx,FEDEX_GROUND,EasyPost,396145778536,1190,8.22,,Ooltewah,Tennessee,37363,Pittston,Pennsylvania,18640,94409986,12/3/2025,12/3/2025
925,Brooklinen,FedEx,FEDEX_GROUND,EasyPost,396146131480,1871,8.61,,Denver,Colorado,80211,North Las Vegas,Nevada,89115,94411339,12/3/2025,12/4/2025
925,Brooklinen,FedEx,FEDEX_GROUND,EasyPost,396146189691,1020,7.5,,Brooklyn,New York,11205,Pittston,Pennsylvania,18640,94411541,12/3/2025,12/3/2025
925,Brooklinen,FedEx,FEDEX_GROUND,EasyPost,396146231357,1502,8.48,,Texarkana,Arkansas,71854,North Las Vegas,Nevada,89115,94411691,12/3/2025,12/3/2025
925,Brooklinen,FedEx,FEDEX_GROUND,EasyPost,396146250168,2324,8.22,,Charleston,South Carolina,29403,Pittston,Pennsylvania,18640,94411760,12/3/2025,12/3/2025
925,Brooklinen,FedEx,FEDEX_GROUND,EasyPost,396146310833,6747,8.53,,Chicago,Illinois,60642,Pittston,Pennsylvania,18640,94411974,12/3/2025,12/4/2025
925,Brooklinen,FedEx,FEDEX_GROUND,EasyPost,396146713329,1048,8.22,,Milwaukee,Wisconsin,53222,Pittston,Pennsylvania,18640,94413499,12/3/2025,12/3/2025
925,Brooklinen,FedEx,FEDEX_GROUND,EasyPost,396146718879,3118,8.22,,Lacey,Washington,98503,North Las Vegas,Nevada,89115,94413517,12/3/2025,12/3/2025
925,Brooklinen,FedEx,FEDEX_GROUND,EasyPost,396146741638,2097,8.97,,Baton Rouge,Louisiana,70809,Pittston,Pennsylvania,18640,94413607,12/3/2025,12/3/2025
925,Brooklinen,FedEx,FEDEX_GROUND,EasyPost,396146782260,1871,8.97,,Faulkton,South Dakota,57438,North Las Vegas,Nevada,89115,94413752,12/3/2025,12/3/2025
925,Brooklinen,FedEx,FEDEX_GROUND,EasyPost,396146947079,1672,8.26,,Atlanta,Georgia,30309,Pittston,Pennsylvania,18640,94414316,12/3/2025,12/3/2025
925,Brooklinen,FedEx,FEDEX_GROUND,EasyPost,396147533972,992,8.22,,Seattle,Washington,98199,North Las Vegas,Nevada,89115,94416577,12/3/2025,12/3/2025
925,Brooklinen,FedEx,FEDEX_GROUND,EasyPost,396147541569,3316,8.3,,Hinesville,Georgia,31313,Pittston,Pennsylvania,18640,94416599,12/3/2025,12/4/2025
925,Brooklinen,FedEx,FEDEX_GROUND,EasyPost,396147623952,765,7.98,,San Francisco,California,94102,North Las Vegas,Nevada,89115,94416927,12/3/2025,12/3/2025
925,Brooklinen,FedEx,FEDEX_GROUND,EasyPost,396147669998,3912,7.98,,Corning,New York,14830,SIDNEY,Ohio,45365,94417117,12/3/2025,12/3/2025
925,Brooklinen,FedEx,FEDEX_GROUND,EasyPost,396147772379,2041,8.97,,Truckee,California,96160,Arlington,Texas,76015,94417472,12/3/2025,12/3/2025
925,Brooklinen,FedEx,FEDEX_GROUND,EasyPost,396147945705,1077,7.98,,Durham,North Carolina,27712,Pittston,Pennsylvania,18640,94418166,12/3/2025,12/3/2025
925,Brooklinen,FedEx,FEDEX_GROUND,EasyPost,396148244338,226,8.22,,Hartland,Wisconsin,53029,Pittston,Pennsylvania,18640,94419380,12/3/2025,12/4/2025
925,Brooklinen,FedEx,FEDEX_GROUND,EasyPost,396148249513,6945,7.98,,Jackson Heights,New York,11372,SIDNEY,Ohio,45365,94419411,12/3/2025,12/3/2025
925,Brooklinen,FedEx,FEDEX_GROUND,EasyPost,396148263469,1048,8.22,,Anderson Island,Washington,98303,North Las Vegas,Nevada,89115,94419497,12/3/2025,12/3/2025
925,Brooklinen,FedEx,FEDEX_GROUND,EasyPost,396148401320,1105,7.98,,Sonora,California,95370,North Las Vegas,Nevada,89115,94420071,12/3/2025,12/3/2025
925,Brooklinen,FedEx,FEDEX_GROUND,EasyPost,396148835991,1077,7.98,,Raleigh,North Carolina,27608,Pittston,Pennsylvania,18640,94421949,12/3/2025,12/3/2025
925,Brooklinen,FedEx,FEDEX_GROUND,EasyPost,396148851954,3458,8.58,,Altadena,California,91001,Arlington,Texas,76015,94422025,12/3/2025,12/3/2025
925,Brooklinen,FedEx,FEDEX_GROUND,EasyPost,396148874304,2324,7.75,,TORRANCE,California,90505,North Las Vegas,Nevada,89115,94422131,12/3/2025,12/4/2025
925,Brooklinen,FedEx,FEDEX_GROUND,EasyPost,396149030549,1502,8.26,,Kirkland,Washington,98034,North Las Vegas,Nevada,89115,94422791,12/3/2025,12/3/2025
925,Brooklinen,FedEx,FEDEX_GROUND,EasyPost,396149082557,3486,7.5,,Brooklyn,New York,11201,Pittston,Pennsylvania,18640,94423051,12/3/2025,12/3/2025
925,Brooklinen,FedEx,FEDEX_GROUND,EasyPost,396149204250,311,7.5,,New Haven,Connecticut,6515,Pittston,Pennsylvania,18640,94423589,12/3/2025,12/3/2025
925,Brooklinen,FedEx,FEDEX_GROUND,EasyPost,396149290160,3742,7.5,,Westport,Connecticut,6880,Pittston,Pennsylvania,18640,94423956,12/3/2025,12/3/2025
925,Brooklinen,FedEx,FEDEX_GROUND,EasyPost,396149318112,2353,8.22,,Lone Tree,Colorado,80124,North Las Vegas,Nevada,89115,94424077,12/3/2025,12/3/2025
925,Brooklinen,FedEx,FEDEX_GROUND,EasyPost,396149335148,1871,7.5,,Armonk,New York,10504,Pittston,Pennsylvania,18640,94424160,12/3/2025,12/3/2025
925,Brooklinen,FedEx,FEDEX_GROUND,EasyPost,396149708693,1417,8.26,,Fernandina Beach,Florida,32034,SIDNEY,Ohio,45365,94425746,12/3/2025,12/3/2025
925,Brooklinen,FedEx,FEDEX_GROUND,EasyPost,396149858602,1502,7.98,,San Francisco,California,94123,North Las Vegas,Nevada,89115,94426315,12/3/2025,12/3/2025
925,Brooklinen,FedEx,FEDEX_GROUND,EasyPost,396149892858,1190,8.22,,Chicago,Illinois,60614,Pittston,Pennsylvania,18640,94426481,12/3/2025,12/3/2025
925,Brooklinen,FedEx,FEDEX_GROUND,EasyPost,396149994831,1502,7.98,,Sacramento,California,95816,North Las Vegas,Nevada,89115,94426913,12/3/2025,12/3/2025
925,Brooklinen,FedEx,FEDEX_GROUND,EasyPost,396150005324,1162,7.98,,Kenwood,California,95452,North Las Vegas,Nevada,89115,94426948,12/3/2025,12/3/2025
925,Brooklinen,FedEx,FEDEX_GROUND,EasyPost,396150042031,4167,7.98,,Atlanta,Georgia,30342,SIDNEY,Ohio,45365,94427116,12/3/2025,12/3/2025
925,Brooklinen,FedEx,FEDEX_GROUND,EasyPost,396150044674,1871,7.5,,New York,New York,10028,Pittston,Pennsylvania,18640,94427137,12/3/2025,12/3/2025
925,Brooklinen,FedEx,FEDEX_GROUND,EasyPost,396150047695,2097,7.98,,Halesite,New York,11743,SIDNEY,Ohio,45365,94427147,12/3/2025,12/3/2025
925,Brooklinen,FedEx,FEDEX_GROUND,EasyPost,396150084634,6577,7.5,,Las Vegas,Nevada,89118,North Las Vegas,Nevada,89115,94427329,12/3/2025,12/4/2025
925,Brooklinen,FedEx,FEDEX_GROUND,EasyPost,396150309692,2863,7.5,,New York,New York,10013,Pittston,Pennsylvania,18640,94428451,12/3/2025,12/3/2025
925,Brooklinen,FedEx,FEDEX_GROUND,EasyPost,396150377365,1417,8.48,8.48,Stockton,California,95215,Arlington,Texas,76015,94428725,12/3/2025,12/3/2025
925,Brooklinen,FedEx,FEDEX_GROUND,EasyPost,396150385216,6492,7.98,,San Francisco,California,94118,North Las Vegas,Nevada,89115,94428757,12/3/2025,12/3/2025
925,Brooklinen,FedEx,FEDEX_GROUND,EasyPost,396150392479,1871,8.97,,Upland,California,91784,Arlington,Texas,76015,94428769,12/3/2025,12/3/2025
925,Brooklinen,FedEx,FEDEX_GROUND,EasyPost,396150423070,3486,7.5,,New York,New York,10001,Pittston,Pennsylvania,18640,94428906,12/3/2025,12/3/2025
925,Brooklinen,FedEx,FEDEX_GROUND,EasyPost,396150492703,3486,8.3,,Portland,Oregon,97213,North Las Vegas,Nevada,89115,94429245,12/3/2025,12/3/2025
925,Brooklinen,FedEx,FEDEX_GROUND,EasyPost,396150498583,2097,7.75,,Valencia,Pennsylvania,16059,Pittston,Pennsylvania,18640,94429264,12/3/2025,12/4/2025
925,Brooklinen,FedEx,FEDEX_GROUND,EasyPost,396150512124,1219,7.98,,El Cerrito,California,94530,North Las Vegas,Nevada,89115,94429326,12/3/2025,12/3/2025
925,Brooklinen,FedEx,FEDEX_GROUND,EasyPost,396150633673,2778,8.22,,Daniel Island,South Carolina,29492,Pittston,Pennsylvania,18640,94429831,12/3/2025,12/3/2025
925,Brooklinen,FedEx,FEDEX_GROUND,EasyPost,396150747775,283,8.22,,Leesburg,Florida,34748,Pittston,Pennsylvania,18640,94430299,12/3/2025,12/3/2025
925,Brooklinen,FedEx,FEDEX_GROUND,EasyPost,396150900750,2778,8.8,,San Francisco,California,94103,Arlington,Texas,76015,94430999,12/3/2025,12/3/2025
925,Brooklinen,FedEx,FEDEX_GROUND,EasyPost,396150936214,2324,7.75,,Moorpark,California,93021,North Las Vegas,Nevada,89115,94431193,12/3/2025,12/3/2025
925,Brooklinen,FedEx,FEDEX_GROUND,EasyPost,396150961215,935,7.98,,Farmington Hills,Michigan,48336-1354,Pittston,Pennsylvania,18640,94431310,12/3/2025,12/3/2025
925,Brooklinen,FedEx,FEDEX_GROUND,EasyPost,396150962792,2097,7.98,,San Francisco,California,94122,North Las Vegas,Nevada,89115,94431321,12/3/2025,12/3/2025
925,Brooklinen,FedEx,FEDEX_GROUND,EasyPost,396151103310,3486,8.3,,Denver,Colorado,80211,North Las Vegas,Nevada,89115,94432025,12/3/2025,12/3/2025
925,Brooklinen,FedEx,FEDEX_GROUND,EasyPost,396151204433,737,7.98,,Shepherdstown,West Virginia,25443,SIDNEY,Ohio,45365,94432499,12/3/2025,12/3/2025
925,Brooklinen,FedEx,FEDEX_GROUND,EasyPost,396151232102,1956,7.98,,San Francisco,California,94109,North Las Vegas,Nevada,89115,94432644,12/3/2025,12/4/2025
925,Brooklinen,FedEx,FEDEX_GROUND,EasyPost,396151369168,4167,7.75,,Stephens City,Virginia,22655,Pittston,Pennsylvania,18640,94433313,12/3/2025,12/3/2025
925,Brooklinen,FedEx,FEDEX_GROUND,EasyPost,396151419773,6208,7.75,,Youngstown,Ohio,44512,SIDNEY,Ohio,45365,94433553,12/3/2025,12/3/2025
925,Brooklinen,FedEx,FEDEX_GROUND,EasyPost,396151521375,2409,7.98,,San Francisco,California,94123,North Las Vegas,Nevada,89115,94434015,12/3/2025,12/4/2025
925,Brooklinen,FedEx,FEDEX_GROUND,EasyPost,396151523404,4167,7.75,,Hot Springs,Virginia,24445,SIDNEY,Ohio,45365,94434025,12/3/2025,12/4/2025
925,Brooklinen,FedEx,FEDEX_GROUND,EasyPost,396151528406,1644,7.98,,Rochester,New York,14620,SIDNEY,Ohio,45365,94434053,12/3/2025,12/3/2025
925,Brooklinen,FedEx,FEDEX_GROUND,EasyPost,396151536242,1871,7.98,,Sunnyvale,California,94087,North Las Vegas,Nevada,89115,94434093,12/3/2025,12/3/2025
925,Brooklinen,FedEx,FEDEX_GROUND,EasyPost,396151539756,5839,7.75,,Los Alamitos,California,90720,North Las Vegas,Nevada,89115,94434122,12/3/2025,12/3/2025
925,Brooklinen,FedEx,FEDEX_GROUND,EasyPost,396151575103,1871,7.98,,Frederick,Colorado,80516-9751,North Las Vegas,Nevada,89115,94434292,12/3/2025,12/3/2025
925,Brooklinen,FedEx,FEDEX_GROUND,EasyPost,396151707860,1077,7.75,,Fresno,California,93720,North Las Vegas,Nevada,89115,94434862,12/3/2025,12/3/2025
925,Brooklinen,FedEx,FEDEX_GROUND,EasyPost,396151770243,2097,7.75,,Marina del Rey,California,90292,North Las Vegas,Nevada,89115,94435146,12/3/2025,12/3/2025
925,Brooklinen,FedEx,FEDEX_GROUND,EasyPost,396151853037,1871,9.49,,Lafayette,California,94549,Arlington,Texas,76015,94435494,12/3/2025,12/3/2025
925,Brooklinen,FedEx,FEDEX_GROUND,EasyPost,396151982003,2239,8.61,,Seattle,Washington,98122,North Las Vegas,Nevada,89115,94435945,12/3/2025,12/3/2025
925,Brooklinen,FedEx,FEDEX_GROUND,EasyPost,396152025947,2097,9.49,,Snohomish,Washington,98290,Arlington,Texas,76015,94436102,12/3/2025,12/3/2025
925,Brooklinen,FedEx,FEDEX_GROUND,EasyPost,396152113648,1502,7.98,,Meridian,Idaho,83646,North Las Vegas,Nevada,89115,94436391,12/3/2025,12/3/2025
925,Brooklinen,FedEx,FEDEX_GROUND,EasyPost,396152293660,510,7.98,,Hillsborough,California,94010,North Las Vegas,Nevada,89115,94436870,12/3/2025,12/3/2025
925,Brooklinen,FedEx,FEDEX_GROUND,EasyPost,396152541086,1502,7.75,,Placentia,California,92870,North Las Vegas,Nevada,89115,94437572,12/3/2025,12/3/2025
925,Brooklinen,FedEx,FEDEX_GROUND,EasyPost,396152662786,1672,8.26,,Seattle,Washington,98119,North Las Vegas,Nevada,89115,94437889,12/3/2025,12/4/2025
925,Brooklinen,FedEx,FEDEX_GROUND,EasyPost,396152814139,1672,7.75,,Redondo Beach,California,90277,North Las Vegas,Nevada,89115,94438195,12/3/2025,12/3/2025
925,Brooklinen,FedEx,FEDEX_GROUND,EasyPost,396152833535,1502,7.75,,Upton,Massachusetts,1568,Pittston,Pennsylvania,18640,94438237,12/3/2025,12/3/2025
925,Brooklinen,FedEx,FEDEX_GROUND,EasyPost,396153406088,4167,8.59,,Denver,Colorado,80211,North Las Vegas,Nevada,89115,94439487,12/3/2025,12/3/2025
925,Brooklinen,FedEx,FEDEX_GROUND,EasyPost,396153546794,2097,9.49,,Seattle,Washington,98107,Arlington,Texas,76015,94439799,12/3/2025,12/3/2025
925,Brooklinen,FedEx,FEDEX_GROUND,EasyPost,396153876773,4025,8.76,,Houston,Texas,77008,North Las Vegas,Nevada,89115,94440436,12/3/2025,12/3/2025
925,Brooklinen,FedEx,FEDEX_GROUND,EasyPost,396155879742,2721,7.98,,Weehawken,New Jersey,7086,SIDNEY,Ohio,45365,94444032,12/3/2025,12/3/2025
925,Brooklinen,FedEx,FEDEX_GROUND,EasyPost,396156372291,1672,7.98,,Goldens Bridge,New York,10526,SIDNEY,Ohio,45365,94444871,12/3/2025,12/3/2025
925,Brooklinen,FedEx,FEDEX_GROUND,EasyPost,396157129498,1530,7.75,,Newton,Massachusetts,2460,Pittston,Pennsylvania,18640,94446068,12/3/2025,12/3/2025
925,Brooklinen,FedEx,FEDEX_GROUND,EasyPost,396157281430,1502,7.75,,Fairfax,Virginia,22032,Pittston,Pennsylvania,18640,94446409,12/3/2025,12/3/2025
925,Brooklinen,FedEx,FEDEX_GROUND,EasyPost,396158645760,2097,8.97,,West Palm Beach,Florida,33412,Pittston,Pennsylvania,18640,94448583,12/3/2025,12/4/2025
925,Brooklinen,FedEx,FEDEX_GROUND,EasyPost,396158985419,1077,7.98,,South Salem,New York,10590,SIDNEY,Ohio,45365,94449088,12/3/2025,12/3/2025
925,Brooklinen,FedEx,FEDEX_GROUND,EasyPost,396159574049,1077,7.98,,Brooklyn,New York,11205,SIDNEY,Ohio,45365,94449918,12/3/2025,12/3/2025
925,Brooklinen,FedEx,FEDEX_GROUND,EasyPost,396159960786,1871,7.98,,Wilmington,Ohio,45177,Pittston,Pennsylvania,18640,94450446,12/3/2025,12/4/2025
925,Brooklinen,FedEx,FEDEX_GROUND,EasyPost,396160100543,3118,7.5,,New York,New York,10023,Pittston,Pennsylvania,18640,94450655,12/3/2025,12/3/2025
925,Brooklinen,FedEx,FEDEX_GROUND,EasyPost,396160869924,1020,7.5,,Newark,Delaware,19711,Pittston,Pennsylvania,18640,94451762,12/3/2025,12/3/2025
925,Brooklinen,FedEx,FEDEX_GROUND,EasyPost,396161031579,2041,7.98,7.98,Jersey City,New Jersey,7307,SIDNEY,Ohio,45365,94451995,12/3/2025,12/3/2025
925,Brooklinen,FedEx,FEDEX_GROUND,EasyPost,396161289330,4592,8.22,,Londonderry,New Hampshire,3053,SIDNEY,Ohio,45365,94452312,12/3/2025,12/3/2025
925,Brooklinen,FedEx,FEDEX_GROUND,EasyPost,396161325983,4592,7.98,,Baltimore,Maryland,21211,SIDNEY,Ohio,45365,94452359,12/3/2025,12/3/2025
925,Brooklinen,FedEx,FEDEX_GROUND,EasyPost,396161502006,2324,7.98,,GARDEN CITY,New York,11530-2740,SIDNEY,Ohio,45365,94452581,12/3/2025,12/3/2025
925,Brooklinen,FedEx,FEDEX_GROUND,EasyPost,396161637172,2239,7.98,,Washington,District of Columbia,20011,SIDNEY,Ohio,45365,94452793,12/3/2025,12/3/2025
925,Brooklinen,FedEx,FEDEX_GROUND,EasyPost,396162244250,1502,7.5,,Brooklyn,New York,11238,Pittston,Pennsylvania,18640,94453622,12/3/2025,12/3/2025
925,Brooklinen,FedEx,FEDEX_GROUND,EasyPost,396163435784,2636,8.22,,Bishop,Georgia,30621,Pittston,Pennsylvania,18640,94455198,12/3/2025,12/3/2025
925,Brooklinen,FedEx,FEDEX_GROUND,EasyPost,396163590519,2438,7.5,,Philadelphia,Pennsylvania,19130,Pittston,Pennsylvania,18640,94455433,12/3/2025,12/3/2025
925,Brooklinen,FedEx,FEDEX_GROUND,EasyPost,396163738840,2097,8.97,,Austin,Texas,78727,North Las Vegas,Nevada,89115,94455642,12/3/2025,12/3/2025
925,Brooklinen,FedEx,FEDEX_GROUND,EasyPost,396163946009,3685,7.75,,Lyndhurst,Ohio,44124,Pittston,Pennsylvania,18640,94455931,12/3/2025,12/4/2025
925,Brooklinen,FedEx,FEDEX_GROUND,EasyPost,396164206940,2948,8.46,,Austin,Texas,78759,North Las Vegas,Nevada,89115,94456295,12/3/2025,12/4/2025
925,Brooklinen,FedEx,FEDEX_GROUND,EasyPost,396164524775,3458,7.98,,Westfield,Indiana,46062,Pittston,Pennsylvania,18640,94456674,12/3/2025,12/3/2025
925,Brooklinen,FedEx,FEDEX_GROUND,EasyPost,396164579348,3005,8.46,,Lavista,Nebraska,68128,North Las Vegas,Nevada,89115,94456751,12/3/2025,12/4/2025
925,Brooklinen,FedEx,FEDEX_GROUND,EasyPost,396164952077,5584,8.83,,Miami,Florida,33131,Pittston,Pennsylvania,18640,94457236,12/3/2025,12/3/2025
925,Brooklinen,FedEx,FEDEX_GROUND,EasyPost,396166111148,2324,7.98,,livingston,New Jersey,7039,SIDNEY,Ohio,45365,94458874,12/3/2025,12/3/2025
925,Brooklinen,FedEx,FEDEX_GROUND,EasyPost,396166341606,3005,7.5,,Oceanside,New York,11572,Pittston,Pennsylvania,18640,94459163,12/3/2025,12/3/2025
925,Brooklinen,FedEx,FEDEX_GROUND,EasyPost,396166770419,1502,7.98,,South Jordan,Utah,84009,North Las Vegas,Nevada,89115,94459782,12/3/2025,12/3/2025
925,Brooklinen,FedEx,FEDEX_GROUND,EasyPost,396166799212,1417,7.75,,Worcester,Massachusetts,1602,Pittston,Pennsylvania,18640,94459829,12/3/2025,12/3/2025
925,Brooklinen,FedEx,FEDEX_GROUND,EasyPost,396166823471,4139,7.98,,Indian Trail,North Carolina,28079,Pittston,Pennsylvania,18640,94459866,12/3/2025,12/3/2025
925,Brooklinen,FedEx,FEDEX_GROUND,EasyPost,396166880592,1417,7.75,,Brookline,Massachusetts,2446,Pittston,Pennsylvania,18640,94459942,12/3/2025,12/3/2025
925,Brooklinen,FedEx,FEDEX_GROUND,EasyPost,396168245093,3685,7.75,,Front Royal,Virginia,22630,Pittston,Pennsylvania,18640,94461839,12/3/2025,12/3/2025
925,Brooklinen,FedEx,FEDEX_GROUND,EasyPost,396168653552,4053,7.75,,Washington,District of Columbia,20012,Pittston,Pennsylvania,18640,94462381,12/3/2025,12/3/2025
925,Brooklinen,FedEx,FEDEX_GROUND,EasyPost,396169089049,17690,9.99,,Beachwood,Ohio,44122,Pittston,Pennsylvania,18640,94462933,12/3/2025,12/3/2025
925,Brooklinen,FedEx,FEDEX_GROUND,EasyPost,396169227068,1871,7.5,,South Orange,New Jersey,7079,Pittston,Pennsylvania,18640,94463091,12/3/2025,12/3/2025
925,Brooklinen,FedEx,FEDEX_GROUND,EasyPost,396169271671,2466,7.5,,POUGHKEEPSIE,New York,12601,Pittston,Pennsylvania,18640,94463142,12/3/2025,12/4/2025
925,Brooklinen,FedEx,FEDEX_GROUND,EasyPost,396169741514,3260,8.3,,Pomfret,Connecticut,6259,SIDNEY,Ohio,45365,94463761,12/3/2025,12/3/2025
925,Brooklinen,FedEx,FEDEX_GROUND,EasyPost,396170718884,2778,8.22,,Trinity,Florida,34655,SIDNEY,Ohio,45365,94464962,12/3/2025,12/3/2025
925,Brooklinen,FedEx,FEDEX_GROUND,EasyPost,396171115407,1786,8.26,,Minneapolis,Minnesota,55415,Pittston,Pennsylvania,18640,94465456,12/3/2025,12/4/2025
925,Brooklinen,FedEx,FEDEX_GROUND,EasyPost,396171466152,1502,7.98,,Morganton,North Carolina,28655,Pittston,Pennsylvania,18640,94465937,12/3/2025,12/3/2025
925,Brooklinen,FedEx,FEDEX_GROUND,EasyPost,396171948867,3742,7.5,,New York,New York,10026,Pittston,Pennsylvania,18640,94466565,12/3/2025,12/3/2025
925,Brooklinen,FedEx,FEDEX_GROUND,EasyPost,396172084731,3231,7.5,,brooklyn,New York,11217,Pittston,Pennsylvania,18640,94466726,12/3/2025,12/3/2025
925,Brooklinen,FedEx,FEDEX_GROUND,EasyPost,396172502194,4025,7.98,,Eubank,Kentucky,42567,Pittston,Pennsylvania,18640,94467299,12/3/2025,12/3/2025
925,Brooklinen,FedEx,FEDEX_GROUND,EasyPost,396172624180,1871,7.5,,Huntingdon Valley,Pennsylvania,19006,Pittston,Pennsylvania,18640,94467454,12/3/2025,12/3/2025
925,Brooklinen,FedEx,FEDEX_GROUND,EasyPost,396173303490,1445,7.75,,Pittsburgh,Pennsylvania,15238,Pittston,Pennsylvania,18640,94468263,12/3/2025,12/3/2025
925,Brooklinen,FedEx,FEDEX_GROUND,EasyPost,396173492553,1502,7.75,,Los Angeles,California,90039,North Las Vegas,Nevada,89115,94468485,12/3/2025,12/3/2025
925,Brooklinen,FedEx,FEDEX_GROUND,EasyPost,396173719217,2778,7.5,,Queens,New York,11101,Pittston,Pennsylvania,18640,94468745,12/3/2025,12/3/2025
925,Brooklinen,FedEx,FEDEX_GROUND,EasyPost,396174160420,2353,7.98,,San Anselmo,California,94960,North Las Vegas,Nevada,89115,94469332,12/3/2025,12/3/2025
925,Brooklinen,FedEx,FEDEX_GROUND,EasyPost,396174356170,1445,7.5,,New York,New York,10038,Pittston,Pennsylvania,18640,94469600,12/3/2025,12/3/2025
925,Brooklinen,FedEx,FEDEX_GROUND,EasyPost,396174454331,2097,7.5,,New York,New York,10001,Pittston,Pennsylvania,18640,94469758,12/3/2025,12/3/2025
925,Brooklinen,FedEx,FEDEX_GROUND,EasyPost,396174642035,1502,8.48,,Harleton,Texas,75651,North Las Vegas,Nevada,89115,94469990,12/3/2025,12/3/2025
925,Brooklinen,FedEx,FEDEX_GROUND,EasyPost,396174670491,3005,8.46,,Houston,Texas,77019,North Las Vegas,Nevada,89115,94470018,12/3/2025,12/3/2025
925,Brooklinen,FedEx,FEDEX_GROUND,EasyPost,396175286706,9213,7.98,,Emeryville,California,94608,North Las Vegas,Nevada,89115,94470841,12/3/2025,12/4/2025
925,Brooklinen,FedEx,FEDEX_GROUND,EasyPost,396175323586,907,8.46,,Long Beach,California,90807,Arlington,Texas,76015,94470895,12/3/2025,12/3/2025
925,Brooklinen,FedEx,FEDEX_GROUND,EasyPost,396175752285,992,7.5,,New York,New York,10075,Pittston,Pennsylvania,18640,94471444,12/3/2025,12/4/2025
925,Brooklinen,FedEx,FEDEX_GROUND,EasyPost,396175825089,1672,7.75,,Springfield,Illinois,62712,SIDNEY,Ohio,45365,94471539,12/3/2025,12/3/2025
925,Brooklinen,FedEx,FEDEX_GROUND,EasyPost,396176027877,2324,7.75,,Phoenix,Arizona,85018,North Las Vegas,Nevada,89115,94471838,12/3/2025,12/3/2025
925,Brooklinen,FedEx,FEDEX_GROUND,EasyPost,396176184280,6888,7.98,,Ilion,New York,13357,SIDNEY,Ohio,45365,94472039,12/3/2025,12/3/2025
925,Brooklinen,FedEx,FEDEX_GROUND,EasyPost,396176584075,2948,8.22,,West Palm Beach,Florida,33401,SIDNEY,Ohio,45365,94472542,12/3/2025,12/3/2025
925,Brooklinen,FedEx,FEDEX_GROUND,EasyPost,396176771563,6577,7.5,,Brooklyn,New York,11205,Pittston,Pennsylvania,18640,94472792,12/3/2025,12/3/2025
925,Brooklinen,FedEx,FEDEX_GROUND,EasyPost,396177236601,2097,7.98,,Bountiful,Utah,84010,North Las Vegas,Nevada,89115,94473442,12/3/2025,12/3/2025
925,Brooklinen,FedEx,FEDEX_GROUND,EasyPost,396178401333,1871,8.61,,Des Moines,Iowa,50321,Pittston,Pennsylvania,18640,94475016,12/3/2025,12/3/2025
925,Brooklinen,FedEx,FEDEX_GROUND,EasyPost,396179202937,1502,8.26,,Denver,Colorado,80202,North Las Vegas,Nevada,89115,94476226,12/3/2025,12/3/2025
925,Brooklinen,FedEx,FEDEX_GROUND,EasyPost,396179273090,6803,7.5,,New York,New York,10007,Pittston,Pennsylvania,18640,94476339,12/3/2025,12/4/2025
925,Brooklinen,FedEx,FEDEX_GROUND,EasyPost,396179442800,6860,8.69,,Denver,Colorado,80220-2929,North Las Vegas,Nevada,89115,94476592,12/3/2025,12/3/2025
925,Brooklinen,FedEx,FEDEX_GROUND,EasyPost,396179519036,6945,7.5,,New York,New York,10028,Pittston,Pennsylvania,18640,94476726,12/3/2025,12/3/2025
925,Brooklinen,FedEx,FEDEX_GROUND,EasyPost,396179535102,878,8.46,,Fergus Falls,Minnesota,56537,North Las Vegas,Nevada,89115,94476743,12/3/2025,12/3/2025
925,Brooklinen,FedEx,FEDEX_GROUND,EasyPost,396179539656,5868,8.83,,Plano,Texas,75024,North Las Vegas,Nevada,89115,94476757,12/3/2025,12/3/2025
925,Brooklinen,FedEx,FEDEX_GROUND,EasyPost,396179583972,2494,7.75,,Los Angeles,California,90034,North Las Vegas,Nevada,89115,94476825,12/3/2025,12/3/2025
925,Brooklinen,FedEx,FEDEX_GROUND,EasyPost,396179929612,3316,7.98,,Ottawa Hills,Ohio,43615,Pittston,Pennsylvania,18640,94477315,12/3/2025,12/3/2025
925,Brooklinen,FedEx,FEDEX_GROUND,EasyPost,396180130916,1587,7.98,,Williamsport,Pennsylvania,17701,SIDNEY,Ohio,45365,94477618,12/3/2025,12/3/2025
925,Brooklinen,FedEx,FEDEX_GROUND,EasyPost,396180161411,4507,7.5,,Cincinnati,Ohio,45236,SIDNEY,Ohio,45365,94477663,12/3/2025,12/3/2025
925,Brooklinen,FedEx,FEDEX_GROUND,EasyPost,396180272742,2948,7.98,,New York,New York,10026,SIDNEY,Ohio,45365,94477812,12/3/2025,12/3/2025
925,Brooklinen,FedEx,FEDEX_GROUND,EasyPost,396180649160,2012,9.49,,Richmond,California,94806,Arlington,Texas,76015,94478401,12/3/2025,12/4/2025
925,Brooklinen,FedEx,FEDEX_GROUND,EasyPost,396181278416,6945,7.5,,Brooklyn,New York,11238,Pittston,Pennsylvania,18640,94479294,12/3/2025,12/3/2025
925,Brooklinen,FedEx,FEDEX_GROUND,EasyPost,396181298793,4025,7.5,,Clifton,New Jersey,7014,Pittston,Pennsylvania,18640,94479336,12/3/2025,12/3/2025
925,Brooklinen,FedEx,FEDEX_GROUND,EasyPost,396181760841,2097,7.75,,Irvine,California,92618,North Las Vegas,Nevada,89115,94480058,12/3/2025,12/4/2025
925,Brooklinen,FedEx,FEDEX_GROUND,EasyPost,396181811375,1502,7.75,,Somerville,Massachusetts,2143,Pittston,Pennsylvania,18640,94480129,12/3/2025,12/3/2025
925,Brooklinen,FedEx,FEDEX_GROUND,EasyPost,396181853202,1020,8.22,,Miami,Florida,33130,SIDNEY,Ohio,45365,94480188,12/3/2025,12/3/2025
925,Brooklinen,FedEx,FEDEX_GROUND,EasyPost,396183182544,255,7.5,,Larchmont,New York,10538,Pittston,Pennsylvania,18640,94482167,12/3/2025,12/3/2025
925,Brooklinen,FedEx,FEDEX_GROUND,EasyPost,396183195956,7626,7.98,,Clifton,New Jersey,7014,SIDNEY,Ohio,45365,94482181,12/3/2025,12/3/2025
925,Brooklinen,FedEx,FEDEX_GROUND,EasyPost,396183812293,1871,8.61,,Alliance,Nebraska,69301,SIDNEY,Ohio,45365,94483184,12/3/2025,12/3/2025
925,Brooklinen,FedEx,FEDEX_GROUND,EasyPost,396184512979,2551,8.69,,Belmont,California,94002,Arlington,Texas,76015,94484281,12/3/2025,12/3/2025
925,Brooklinen,FedEx,FEDEX_GROUND,EasyPost,396184664155,2778,7.75,,Costa Mesa,California,92627,North Las Vegas,Nevada,89115,94484526,12/3/2025,12/3/2025
925,Brooklinen,FedEx,FEDEX_GROUND,EasyPost,396184946717,1871,8.61,,Waltham,Massachusetts,2453,SIDNEY,Ohio,45365,94485000,12/3/2025,12/3/2025
925,Brooklinen,FedEx,FEDEX_GROUND,EasyPost,396185186884,4762,8.46,,Pinecrest,Florida,33156,Pittston,Pennsylvania,18640,94485386,12/3/2025,12/3/2025
925,Brooklinen,FedEx,FEDEX_GROUND,EasyPost,396185539504,4025,8.36,,Loretto,Minnesota,55357-9609,Pittston,Pennsylvania,18640,94485969,12/3/2025,12/3/2025
925,Brooklinen,FedEx,FEDEX_GROUND,EasyPost,396186018336,1445,8.26,,Chicago,Illinois,60647,Pittston,Pennsylvania,18640,94486688,12/3/2025,12/3/2025
925,Brooklinen,FedEx,FEDEX_GROUND,EasyPost,396186355096,3628,8.3,,Chicago,Illinois,60613,Pittston,Pennsylvania,18640,94487212,12/3/2025,12/3/2025
925,Brooklinen,FedEx,FEDEX_GROUND,EasyPost,396186402842,2324,7.98,,Dayton,Ohio,45415,Pittston,Pennsylvania,18640,94487283,12/3/2025,12/3/2025
925,Brooklinen,FedEx,FEDEX_GROUND,EasyPost,396186647464,3005,7.98,,Oakland,California,94610,North Las Vegas,Nevada,89115,94487667,12/3/2025,12/3/2025
925,Brooklinen,FedEx,FEDEX_GROUND,EasyPost,396186964410,2097,8.61,,Denver,Colorado,80212,Arlington,Texas,76015,94488107,12/3/2025,12/3/2025
925,Brooklinen,FedEx,FEDEX_GROUND,EasyPost,396187002138,1502,7.5,,Mansfield,Pennsylvania,16933,Pittston,Pennsylvania,18640,94488193,12/3/2025,12/3/2025
925,Brooklinen,FedEx,FEDEX_GROUND,EasyPost,396187052897,7682,8.94,,Wayzata,Minnesota,55391,Pittston,Pennsylvania,18640,94488252,12/3/2025,12/3/2025
925,Brooklinen,FedEx,FEDEX_GROUND,EasyPost,396187937777,2948,8.22,,Chicago,Illinois,60661,Pittston,Pennsylvania,18640,94489546,12/3/2025,12/3/2025
925,Brooklinen,FedEx,FEDEX_GROUND,EasyPost,396188065735,963,7.75,,Scottsdale,Arizona,85255,North Las Vegas,Nevada,89115,94489755,12/3/2025,12/3/2025
925,Brooklinen,FedEx,FEDEX_GROUND,EasyPost,396188223550,1871,7.98,,Golden,Colorado,80401,North Las Vegas,Nevada,89115,94489988,12/3/2025,12/4/2025
925,Brooklinen,FedEx,FEDEX_GROUND,EasyPost,396188329919,10942,7.5,,Wyncote,Pennsylvania,19095,Pittston,Pennsylvania,18640,94490180,12/3/2025,12/3/2025
925,Brooklinen,FedEx,FEDEX_GROUND,EasyPost,396188449420,2324,8.46,,houston,Texas,77077,North Las Vegas,Nevada,89115,94490385,12/3/2025,12/3/2025
925,Brooklinen,FedEx,FEDEX_GROUND,EasyPost,396189149407,1871,7.98,,Fairfax,Virginia,22031,SIDNEY,Ohio,45365,94491440,12/3/2025,12/3/2025
925,Brooklinen,FedEx,FEDEX_GROUND,EasyPost,396189213773,2097,8.61,,Salem,New Hampshire,3079,SIDNEY,Ohio,45365,94491525,12/3/2025,12/3/2025
925,Brooklinen,FedEx,FEDEX_GROUND,EasyPost,396189241979,2948,7.5,,Newark,New Jersey,7102,Pittston,Pennsylvania,18640,94491582,12/3/2025,12/3/2025
925,Brooklinen,FedEx,FEDEX_GROUND,EasyPost,396189779130,2126,8.61,,Golden,Colorado,80403,Arlington,Texas,76015,94492312,12/3/2025,12/3/2025
925,Brooklinen,FedEx,FEDEX_GROUND,EasyPost,396190091011,2778,8.46,,Omaha,Nebraska,68105,North Las Vegas,Nevada,89115,94492789,12/3/2025,12/4/2025
925,Brooklinen,FedEx,FEDEX_GROUND,EasyPost,396190221179,1502,8.26,,Nashville,Tennessee,37115,Pittston,Pennsylvania,18640,94492988,12/3/2025,12/3/2025
925,Brooklinen,FedEx,FEDEX_GROUND,EasyPost,396190224167,1502,8.26,,Lady Lake,Florida,32159,Pittston,Pennsylvania,18640,94492992,12/3/2025,12/3/2025
925,Brooklinen,FedEx,FEDEX_GROUND,EasyPost,396190471087,1190,8.46,,Santa Clarita,California,91390-4277,Arlington,Texas,76015,94493360,12/3/2025,12/3/2025
925,Brooklinen,FedEx,FEDEX_GROUND,EasyPost,396190889208,1190,8.69,,Bellevue,Washington,98006,Arlington,Texas,76015,94493966,12/3/2025,12/3/2025
925,Brooklinen,FedEx,FEDEX_GROUND,EasyPost,396191398639,1332,8.22,,Orlando,Florida,32814,Pittston,Pennsylvania,18640,94494786,12/3/2025,12/3/2025
925,Brooklinen,FedEx,FEDEX_GROUND,EasyPost,396191458800,311,8.22,,Clearwater,Florida,33760,Pittston,Pennsylvania,18640,94494878,12/3/2025,12/3/2025
925,Brooklinen,FedEx,FEDEX_GROUND,EasyPost,396191681300,1247,7.98,,Oakland,California,94608-3730,North Las Vegas,Nevada,89115,94495225,12/3/2025,12/4/2025
925,Brooklinen,FedEx,FEDEX_GROUND,EasyPost,396191753200,1871,7.75,,Bristol,Rhode Island,2809,Pittston,Pennsylvania,18640,94495325,12/3/2025,12/3/2025
925,Brooklinen,FedEx,FEDEX_GROUND,EasyPost,396192085784,2126,9.49,,Issaquah,Washington,98029,Arlington,Texas,76015,94495834,12/3/2025,12/3/2025
925,Brooklinen,FedEx,FEDEX_GROUND,EasyPost,396192240556,2806,8.22,,Inver Grove Heights,Minnesota,55077,Pittston,Pennsylvania,18640,94496117,12/3/2025,12/4/2025
925,Brooklinen,FedEx,FEDEX_GROUND,EasyPost,396192298985,1871,8.61,,ARVADA,Colorado,80002,North Las Vegas,Nevada,89115,94496210,12/3/2025,12/3/2025
925,Brooklinen,FedEx,FEDEX_GROUND,EasyPost,396192597211,2778,8.22,,Atlanta,Georgia,30318,Pittston,Pennsylvania,18640,94496677,12/3/2025,12/3/2025
925,Brooklinen,FedEx,FEDEX_GROUND,EasyPost,396192618393,1417,7.5,,Summit,New Jersey,7901,Pittston,Pennsylvania,18640,94496708,12/3/2025,12/3/2025
925,Brooklinen,FedEx,FEDEX_GROUND,EasyPost,396192622216,1048,7.98,,Chapel Hill,North Carolina,27517,Pittston,Pennsylvania,18640,94496714,12/3/2025,12/3/2025
925,Brooklinen,FedEx,FEDEX_GROUND,EasyPost,396193005739,7314,7.75,,LA,California,90039,North Las Vegas,Nevada,89115,94497336,12/3/2025,12/3/2025
925,Brooklinen,FedEx,FEDEX_GROUND,EasyPost,396193076180,2097,7.75,,Los Angeles,California,90027,North Las Vegas,Nevada,89115,94497450,12/3/2025,12/3/2025
925,Brooklinen,FedEx,FEDEX_GROUND,EasyPost,396193240335,1332,8.22,,LYNDEN,Washington,98264,North Las Vegas,Nevada,89115,94497719,12/3/2025,12/3/2025
925,Brooklinen,FedEx,FEDEX_GROUND,EasyPost,396193373590,2381,7.5,,BROOKLYN,New York,11201,Pittston,Pennsylvania,18640,94497938,12/3/2025,12/3/2025
925,Brooklinen,FedEx,FEDEX_GROUND,EasyPost,396193792325,3316,7.75,,Stowe,Vermont,5672,Pittston,Pennsylvania,18640,94498620,12/3/2025,12/3/2025
925,Brooklinen,FedEx,FEDEX_GROUND,EasyPost,396194195850,3855,7.98,,Wyncote,Pennsylvania,19095,SIDNEY,Ohio,45365,94499295,12/3/2025,12/3/2025
925,Brooklinen,FedEx,FEDEX_GROUND,EasyPost,396194280060,6832,8.69,,Chicago,Illinois,60607,Pittston,Pennsylvania,18640,94499415,12/3/2025,12/3/2025
925,Brooklinen,FedEx,FEDEX_GROUND,EasyPost,396194348379,4819,7.75,,Lombard,Illinois,60148,SIDNEY,Ohio,45365,94499523,12/3/2025,12/3/2025
925,Brooklinen,FedEx,FEDEX_GROUND,EasyPost,396194533577,1445,8.26,,Golden Valley,Minnesota,55422,Pittston,Pennsylvania,18640,94499890,12/3/2025,12/4/2025
925,Brooklinen,FedEx,FEDEX_GROUND,EasyPost,396194918692,1048,7.98,,Oakland,California,94619-2759,North Las Vegas,Nevada,89115,94500520,12/3/2025,12/4/2025
925,Brooklinen,FedEx,FEDEX_GROUND,EasyPost,396195827532,2353,8.46,,Houston,Texas,77086,North Las Vegas,Nevada,89115,94502041,12/3/2025,12/3/2025
925,Brooklinen,FedEx,FEDEX_GROUND,EasyPost,396195989338,2863,7.5,,Sea Girt,New Jersey,8750,Pittston,Pennsylvania,18640,94502343,12/3/2025,12/3/2025
925,Brooklinen,FedEx,FEDEX_GROUND,EasyPost,396196225805,850,7.75,,Huntington Beach,California,92646,North Las Vegas,Nevada,89115,94502772,12/3/2025,12/4/2025
925,Brooklinen,FedEx,FEDEX_GROUND,EasyPost,396196976757,3912,7.75,,San Diego,California,92103-1137,North Las Vegas,Nevada,89115,94504020,12/3/2025,12/3/2025
925,Brooklinen,FedEx,FEDEX_GROUND,EasyPost,396197161704,4252,8.59,,Barrington,Illinois,60010,Pittston,Pennsylvania,18640,94504321,12/3/2025,12/3/2025
925,Brooklinen,FedEx,FEDEX_GROUND,EasyPost,396197392352,1672,7.5,,Queens,New York,11101,Pittston,Pennsylvania,18640,94504688,12/3/2025,12/3/2025
925,Brooklinen,FedEx,FEDEX_GROUND,EasyPost,396197419319,1077,7.5,,Brooklyn,New York,11221,Pittston,Pennsylvania,18640,94504732,12/3/2025,12/3/2025
925,Brooklinen,FedEx,FEDEX_GROUND,EasyPost,396197628937,1956,7.5,,Brooklyn,New York,11215,Pittston,Pennsylvania,18640,94505087,12/3/2025,12/3/2025
925,Brooklinen,FedEx,FEDEX_GROUND,EasyPost,396198103649,1871,7.5,,East Northport,New York,11731,Pittston,Pennsylvania,18640,94505926,12/3/2025,12/4/2025
925,Brooklinen,FedEx,FEDEX_GROUND,EasyPost,396198625820,4819,8.22,,Westminster,Colorado,80003,North Las Vegas,Nevada,89115,94506875,12/3/2025,12/4/2025
925,Brooklinen,FedEx,FEDEX_GROUND,EasyPost,396198837944,878,7.98,,San Francisco,California,94127,North Las Vegas,Nevada,89115,94507246,12/3/2025,12/4/2025
925,Brooklinen,FedEx,FEDEX_GROUND,EasyPost,396199194731,3316,7.5,,Greenwich,Connecticut,6830,Pittston,Pennsylvania,18640,94507950,12/3/2025,12/4/2025
925,Brooklinen,FedEx,FEDEX_GROUND,EasyPost,396199235161,3685,7.98,,Ann Arbor,Michigan,48103,Pittston,Pennsylvania,18640,94508028,12/3/2025,12/4/2025
925,Brooklinen,FedEx,FEDEX_GROUND,EasyPost,396199312760,1502,7.75,,Cambridge,Massachusetts,2140,Pittston,Pennsylvania,18640,94508146,12/3/2025,12/4/2025
925,Brooklinen,FedEx,FEDEX_GROUND,EasyPost,396199413677,1672,8.26,,Mt Prospect,Illinois,60056,Pittston,Pennsylvania,18640,94508340,12/3/2025,12/4/2025
925,Brooklinen,FedEx,FEDEX_GROUND,EasyPost,396199600856,1502,8.48,,LeMars,Iowa,51031,North Las Vegas,Nevada,89115,94508706,12/3/2025,12/4/2025
925,Brooklinen,FedEx,FEDEX_GROUND,EasyPost,396199733200,6577,8.53,,Greensboro,Georgia,30642,Pittston,Pennsylvania,18640,94508976,12/3/2025,12/4/2025
925,Brooklinen,FedEx,FEDEX_GROUND,EasyPost,396199796914,1871,7.5,,Queens,New York,11375,Pittston,Pennsylvania,18640,94509102,12/3/2025,12/4/2025
925,Brooklinen,FedEx,FEDEX_GROUND,EasyPost,396200266352,1871,7.75,,Los Angeles,California,90046,North Las Vegas,Nevada,89115,94510100,12/3/2025,12/3/2025
925,Brooklinen,FedEx,FEDEX_GROUND,EasyPost,396200634830,1956,8.97,,San Diego,California,92110,Arlington,Texas,76015,94510841,12/3/2025,12/4/2025
925,Brooklinen,FedEx,FEDEX_GROUND,EasyPost,396200857663,2324,7.75,,Los Angeles,California,90038,North Las Vegas,Nevada,89115,94511297,12/3/2025,12/4/2025
925,Brooklinen,FedEx,FEDEX_GROUND,EasyPost,396201210573,1502,7.75,,La Quinta,California,92253,North Las Vegas,Nevada,89115,94512013,12/3/2025,12/4/2025
925,Brooklinen,FedEx,FEDEX_GROUND,EasyPost,396201261390,2778,7.98,,Columbus,Ohio,43215,Pittston,Pennsylvania,18640,94512115,12/3/2025,12/4/2025
925,Brooklinen,FedEx,FEDEX_GROUND,EasyPost,396201392500,5839,7.98,,Fremont,California,94538,North Las Vegas,Nevada,89115,94512383,12/3/2025,12/4/2025
925,Brooklinen,FedEx,FEDEX_GROUND,EasyPost,396201710945,2438,8.69,,Portland,Oregon,97206,Arlington,Texas,76015,94513005,12/3/2025,12/4/2025
925,Brooklinen,FedEx,FEDEX_GROUND,EasyPost,396201833114,1871,7.75,,Los Angeles,California,90020,North Las Vegas,Nevada,89115,94513259,12/3/2025,12/4/2025
925,Brooklinen,FedEx,FEDEX_GROUND,EasyPost,396202335484,2126,8.61,,Englewood,Colorado,80113,North Las Vegas,Nevada,89115,94514258,12/3/2025,12/4/2025
925,Brooklinen,FedEx,FEDEX_GROUND,EasyPost,396236995922,3316,8.3,,Atlanta,Georgia,30316,Pittston,Pennsylvania,18640,94515528,12/4/2025,12/4/2025
925,Brooklinen,FedEx,FEDEX_GROUND,EasyPost,396203311575,3685,7.98,,Salinas,California,93907,North Las Vegas,Nevada,89115,94516521,12/3/2025,12/4/2025
925,Brooklinen,FedEx,FEDEX_GROUND,EasyPost,396203449321,1502,8.26,,Rathdrum,Idaho,83858,North Las Vegas,Nevada,89115,94516866,12/3/2025,12/4/2025
925,Brooklinen,FedEx,FEDEX_GROUND,EasyPost,396203900997,1502,7.5,,Brooklyn,New York,11205,Pittston,Pennsylvania,18640,94517927,12/3/2025,12/4/2025
925,Brooklinen,FedEx,FEDEX_GROUND,EasyPost,396203930783,3515,7.5,,HINCKLEY,Ohio,44233-9229,SIDNEY,Ohio,45365,94518001,12/3/2025,12/4/2025
925,Brooklinen,FedEx,FEDEX_GROUND,EasyPost,396204044998,4053,7.5,,Adams,Massachusetts,1220,Pittston,Pennsylvania,18640,94518289,12/3/2025,12/4/2025
925,Brooklinen,FedEx,FEDEX_GROUND,EasyPost,396204192710,1502,7.98,,Durham,North Carolina,27704,SIDNEY,Ohio,45365,94518665,12/3/2025,12/4/2025
925,Brooklinen,FedEx,FEDEX_GROUND,EasyPost,396204538963,3231,8.58,,North Miami,Florida,33181,Pittston,Pennsylvania,18640,94519547,12/3/2025,12/4/2025
925,Brooklinen,FedEx,FEDEX_GROUND,EasyPost,396204578316,1077,7.98,,Santa Fe,New Mexico,87506,North Las Vegas,Nevada,89115,94519669,12/3/2025,12/4/2025
925,Brooklinen,FedEx,FEDEX_GROUND,EasyPost,396204829599,3316,8.58,,Port St. Lucie,Florida,34987,Pittston,Pennsylvania,18640,94520271,12/3/2025,12/4/2025
925,Brooklinen,FedEx,FEDEX_GROUND,EasyPost,396204833812,1077,7.98,,Santa Fe,New Mexico,87506,North Las Vegas,Nevada,89115,94520282,12/3/2025,12/4/2025
925,Brooklinen,FedEx,FEDEX_GROUND,EasyPost,396204864410,6293,7.98,,Tiburon,California,94920,North Las Vegas,Nevada,89115,94520371,12/3/2025,12/4/2025
925,Brooklinen,FedEx,FEDEX_GROUND,EasyPost,396204981861,1077,8.22,,Mulino,Oregon,97042,North Las Vegas,Nevada,89115,94520657,12/3/2025,12/4/2025
925,Brooklinen,FedEx,FEDEX_GROUND,EasyPost,396205142799,2267,8.61,,Seattle,Washington,98199,North Las Vegas,Nevada,89115,94521103,12/3/2025,12/4/2025
925,Brooklinen,FedEx,FEDEX_GROUND,EasyPost,396205294950,3316,7.75,,Austin,Texas,78756,Arlington,Texas,76015,94521536,12/3/2025,12/4/2025
925,Brooklinen,FedEx,FEDEX_GROUND,EasyPost,396205554635,4819,7.75,,ARCADIA,California,91007,North Las Vegas,Nevada,89115,94522262,12/3/2025,12/4/2025
925,Brooklinen,FedEx,FEDEX_GROUND,EasyPost,396205599847,2097,7.98,,San Francisco,California,94109,North Las Vegas,Nevada,89115,94522403,12/3/2025,12/4/2025
925,Brooklinen,FedEx,FEDEX_GROUND,EasyPost,396205728600,2778,8.8,,Santa Rosa,California,95405,Arlington,Texas,76015,94522786,12/3/2025,12/4/2025
925,Brooklinen,FedEx,FEDEX_GROUND,EasyPost,396205944110,2579,7.75,,pasadena,California,91103,North Las Vegas,Nevada,89115,94523436,12/3/2025,12/4/2025
925,Brooklinen,FedEx,FEDEX_GROUND,EasyPost,396206102324,1502,7.5,,DALLAS,Texas,75230,Arlington,Texas,76015,94523938,12/3/2025,12/4/2025
925,Brooklinen,FedEx,FEDEX_GROUND,EasyPost,396206215154,4139,8.86,,New Orleans,Louisiana,70119,Pittston,Pennsylvania,18640,94524262,12/3/2025,12/4/2025
925,Brooklinen,FedEx,FEDEX_GROUND,EasyPost,396206253810,6066,8.25,,Kohler,Wisconsin,53044,Pittston,Pennsylvania,18640,94524348,12/3/2025,12/4/2025
925,Brooklinen,FedEx,FEDEX_GROUND,EasyPost,396206462660,5953,7.98,,San Francisco,California,94122,North Las Vegas,Nevada,89115,94524963,12/3/2025,12/4/2025
925,Brooklinen,FedEx,FEDEX_GROUND,EasyPost,396206779788,1502,9.07,,San Francisco,California,94122,Arlington,Texas,76015,94525883,12/3/2025,12/4/2025
925,Brooklinen,FedEx,FEDEX_GROUND,EasyPost,396207244168,1502,8.48,,Missouri City,Texas,77459,North Las Vegas,Nevada,89115,94527389,12/3/2025,12/4/2025
925,Brooklinen,FedEx,FEDEX_GROUND,EasyPost,396207523293,1672,7.98,,Washington,District of Columbia,20009,SIDNEY,Ohio,45365,94528348,12/3/2025,12/4/2025
925,Brooklinen,FedEx,FEDEX_GROUND,EasyPost,396207600424,3486,7.98,,New York,New York,10012,SIDNEY,Ohio,45365,94528600,12/4/2025,12/4/2025
925,Brooklinen,FedEx,FEDEX_GROUND,EasyPost,396207602600,226,8.22,,Seattle,Washington,98122,North Las Vegas,Nevada,89115,94528610,12/4/2025,12/4/2025
925,Brooklinen,FedEx,FEDEX_GROUND,EasyPost,396207611498,1871,7.5,,White Haven,Pennsylvania,18661,Pittston,Pennsylvania,18640,94528632,12/4/2025,12/4/2025
925,Brooklinen,FedEx,FEDEX_GROUND,EasyPost,396207681873,3685,7.75,,Los Angeles,California,90025,North Las Vegas,Nevada,89115,94528890,12/4/2025,12/4/2025
925,Brooklinen,FedEx,FEDEX_GROUND,EasyPost,396207701949,1757,7.75,,Van Nuys,California,91401,North Las Vegas,Nevada,89115,94528965,12/4/2025,12/4/2025
925,Brooklinen,FedEx,FEDEX_GROUND,EasyPost,396207744080,3685,7.75,,Los Angeles,California,90025,North Las Vegas,Nevada,89115,94529126,12/4/2025,12/4/2025
925,Brooklinen,FedEx,FEDEX_GROUND,EasyPost,396207767140,2409,8.46,,Boise,Idaho,83714,Arlington,Texas,76015,94529206,12/4/2025,12/4/2025
925,Brooklinen,FedEx,FEDEX_GROUND,EasyPost,396207855253,1077,8.69,,San Francisco,California,94107,Arlington,Texas,76015,94529493,12/4/2025,12/4/2025
925,Brooklinen,FedEx,FEDEX_GROUND,EasyPost,396208044478,992,7.5,,New York,New York,10128,Pittston,Pennsylvania,18640,94530133,12/4/2025,12/4/2025
925,Brooklinen,FedEx,FEDEX_GROUND,EasyPost,396208096707,623,8.22,,Denver,Colorado,80212,North Las Vegas,Nevada,89115,94530320,12/4/2025,12/4/2025
925,Brooklinen,FedEx,FEDEX_GROUND,EasyPost,396208241110,1927,7.75,,Woodbridge,Virginia,22191,Pittston,Pennsylvania,18640,94530870,12/4/2025,12/4/2025
925,Brooklinen,FedEx,FEDEX_GROUND,EasyPost,396208259465,5613,8.22,,BYRON,Minnesota,55920,Pittston,Pennsylvania,18640,94530933,12/4/2025,12/4/2025
925,Brooklinen,FedEx,FEDEX_GROUND,EasyPost,396208350048,1502,8.26,,Loves Park,Illinois,61111,Pittston,Pennsylvania,18640,94531325,12/4/2025,12/4/2025
925,Brooklinen,FedEx,FEDEX_GROUND,EasyPost,396208430483,1502,7.5,,Bronx,New York,10455,Pittston,Pennsylvania,18640,94531698,12/4/2025,12/4/2025
925,Brooklinen,FedEx,FEDEX_GROUND,EasyPost,396208503298,2806,7.98,,East Greenbush,New York,12061,SIDNEY,Ohio,45365,94531973,12/4/2025,12/4/2025
925,Brooklinen,FedEx,FEDEX_GROUND,EasyPost,396208582862,623,7.98,,Grand Rapids,Michigan,49505,Pittston,Pennsylvania,18640,94532290,12/4/2025,12/4/2025
925,Brooklinen,FedEx,FEDEX_GROUND,EasyPost,396208618308,2097,8.97,,San Diego,California,92130,Arlington,Texas,76015,94532419,12/4/2025,12/4/2025
925,Brooklinen,FedEx,FEDEX_GROUND,EasyPost,396208685007,1871,7.98,,Wyncote,Pennsylvania,19095,SIDNEY,Ohio,45365,94532663,12/4/2025,12/4/2025
925,Brooklinen,FedEx,FEDEX_GROUND,EasyPost,396208739272,907,7.98,,SANTA ROSA,California,95401-3725,North Las Vegas,Nevada,89115,94532900,12/4/2025,12/4/2025
925,Brooklinen,FedEx,FEDEX_GROUND,EasyPost,396208800930,1871,7.5,,Wyncote,Pennsylvania,19095,Pittston,Pennsylvania,18640,94533127,12/4/2025,12/4/2025
925,Brooklinen,FedEx,FEDEX_GROUND,EasyPost,396208879670,4224,7.75,,Boston,Massachusetts,2127,Pittston,Pennsylvania,18640,94533386,12/4/2025,12/4/2025
925,Brooklinen,FedEx,FEDEX_GROUND,EasyPost,396208976607,3005,7.98,,East Northport,New York,11731,SIDNEY,Ohio,45365,94533742,12/4/2025,12/4/2025
925,Brooklinen,FedEx,FEDEX_GROUND,EasyPost,396209038582,2948,7.75,,Newton,Massachusetts,2458,Pittston,Pennsylvania,18640,94533993,12/4/2025,12/4/2025
925,Brooklinen,FedEx,FEDEX_GROUND,EasyPost,396209048263,1445,7.98,,Charlotte,North Carolina,28205,Pittston,Pennsylvania,18640,94534054,12/4/2025,12/4/2025
925,Brooklinen,FedEx,FEDEX_GROUND,EasyPost,396209120193,2778,7.98,,New York,New York,10022,SIDNEY,Ohio,45365,94534411,12/4/2025,12/4/2025
925,Brooklinen,FedEx,FEDEX_GROUND,EasyPost,396209218531,1502,8.26,,Miami,Florida,33133,SIDNEY,Ohio,45365,94534833,12/4/2025,12/4/2025
925,Brooklinen,FedEx,FEDEX_GROUND,EasyPost,396209260237,1502,7.75,,Mission Viejo,California,92692,North Las Vegas,Nevada,89115,94535021,12/4/2025,12/4/2025
925,Brooklinen,FedEx,FEDEX_GROUND,EasyPost,396209281809,5102,8.22,,Melbourne,Florida,32901,Pittston,Pennsylvania,18640,94535117,12/4/2025,12/4/2025
925,Brooklinen,FedEx,FEDEX_GROUND,EasyPost,396209290620,2806,7.98,,East Greenbush,New York,12061,SIDNEY,Ohio,45365,94535152,12/4/2025,12/4/2025
925,Brooklinen,FedEx,FEDEX_GROUND,EasyPost,396209649564,2324,8.46,,San Diego,California,92110,Arlington,Texas,76015,94536585,12/4/2025,12/4/2025
925,Brooklinen,FedEx,FEDEX_GROUND,EasyPost,396209698930,2097,8.97,,New Orleans,Louisiana,70119,Pittston,Pennsylvania,18640,94536795,12/4/2025,12/4/2025
925,Brooklinen,FedEx,FEDEX_GROUND,EasyPost,396209721520,1842,7.75,,Washington,District of Columbia,20008,Pittston,Pennsylvania,18640,94536885,12/4/2025,12/4/2025
925,Brooklinen,FedEx,FEDEX_GROUND,EasyPost,396209800054,1502,7.5,,Philadelphia,Pennsylvania,19143,Pittston,Pennsylvania,18640,94537260,12/4/2025,12/4/2025
925,Brooklinen,FedEx,FEDEX_GROUND,EasyPost,396209836695,3005,8.46,,Miami,Florida,33133,Pittston,Pennsylvania,18640,94537396,12/4/2025,12/4/2025
925,Brooklinen,FedEx,FEDEX_GROUND,EasyPost,396209868896,1871,7.75,,Boston,Massachusetts,2108,Pittston,Pennsylvania,18640,94537545,12/4/2025,12/4/2025
925,Brooklinen,FedEx,FEDEX_GROUND,EasyPost,396209883201,1502,8.26,,Marine on Saint Croix,Minnesota,55047,Pittston,Pennsylvania,18640,94537610,12/4/2025,12/4/2025
925,Brooklinen,FedEx,FEDEX_GROUND,EasyPost,396209891070,2097,7.5,,Hudson,Ohio,44236,SIDNEY,Ohio,45365,94537633,12/4/2025,12/4/2025
925,Brooklinen,FedEx,FEDEX_GROUND,EasyPost,396209913079,1672,8.48,,San Diego,California,92126,Arlington,Texas,76015,94537720,12/4/2025,12/4/2025
925,Brooklinen,FedEx,FEDEX_GROUND,EasyPost,396210091727,3685,7.98,,Northport,New York,11768,SIDNEY,Ohio,45365,94538326,12/4/2025,12/4/2025
925,Brooklinen,FedEx,FEDEX_GROUND,EasyPost,396210102680,1502,8.26,,MINNEAPOLIS,Minnesota,55418,Pittston,Pennsylvania,18640,94538356,12/4/2025,12/4/2025
925,Brooklinen,FedEx,FEDEX_GROUND,EasyPost,396210135020,2126,7.98,,Milpitas,California,95035,North Las Vegas,Nevada,89115,94538451,12/4/2025,12/4/2025
925,Brooklinen,FedEx,FEDEX_GROUND,EasyPost,396210188848,1502,8.26,,Forest Grove,Oregon,97116,North Las Vegas,Nevada,89115,94538715,12/4/2025,12/4/2025
925,Brooklinen,FedEx,FEDEX_GROUND,EasyPost,396210237585,2126,7.98,,WASHINGTON,District of Columbia,20010,SIDNEY,Ohio,45365,94538953,12/4/2025,12/4/2025
925,Brooklinen,FedEx,FEDEX_GROUND,EasyPost,396210262417,2948,7.5,,NEW PALTZ,New York,12561,Pittston,Pennsylvania,18640,94539075,12/4/2025,12/4/2025
925,Brooklinen,FedEx,FEDEX_GROUND,EasyPost,396210282327,1587,7.98,,Cary,North Carolina,27519,Pittston,Pennsylvania,18640,94539165,12/4/2025,12/4/2025
925,Brooklinen,FedEx,FEDEX_GROUND,EasyPost,396210298820,850,7.5,,Avalon,New Jersey,8202,Pittston,Pennsylvania,18640,94539254,12/4/2025,12/4/2025
925,Brooklinen,FedEx,FEDEX_GROUND,EasyPost,396210460545,3458,8.58,,San Diego,California,92123,Arlington,Texas,76015,94539938,12/4/2025,12/4/2025
925,Brooklinen,FedEx,FEDEX_GROUND,EasyPost,396210486486,907,8.46,,Houston,Texas,77017,North Las Vegas,Nevada,89115,94540025,12/4/2025,12/4/2025
925,Brooklinen,FedEx,FEDEX_GROUND,EasyPost,396210612365,4167,8.59,,Chicago,Illinois,60608,Pittston,Pennsylvania,18640,94540574,12/4/2025,12/4/2025
925,Brooklinen,FedEx,FEDEX_GROUND,EasyPost,396210761105,1871,7.75,,Annapolis,Maryland,21403,Pittston,Pennsylvania,18640,94541227,12/4/2025,12/4/2025
925,Brooklinen,FedEx,FEDEX_GROUND,EasyPost,396211078781,4139,7.98,,Kansas City,Missouri,64155,SIDNEY,Ohio,45365,94542563,12/4/2025,12/4/2025
925,Brooklinen,FedEx,FEDEX_GROUND,EasyPost,396211156210,1190,7.75,,Los Angeles,California,90077,North Las Vegas,Nevada,89115,94542887,12/4/2025,12/4/2025
925,Brooklinen,FedEx,FEDEX_GROUND,EasyPost,396211175616,4167,8.86,,Austin,Texas,78721,North Las Vegas,Nevada,89115,94542993,12/4/2025,12/4/2025
925,Brooklinen,FedEx,FEDEX_GROUND,EasyPost,396211339197,2409,8.22,,Webster Groves,Missouri,63119,Pittston,Pennsylvania,18640,94543767,12/4/2025,12/4/2025
925,Brooklinen,FedEx,FEDEX_GROUND,EasyPost,396211466826,3713,7.98,,Oakland,California,94606,North Las Vegas,Nevada,89115,94544355,12/4/2025,12/4/2025
925,Brooklinen,FedEx,FEDEX_GROUND,EasyPost,396211502714,1502,7.98,,Brooklyn,New York,11201,SIDNEY,Ohio,45365,94544523,12/4/2025,12/4/2025
925,Brooklinen,FedEx,FEDEX_GROUND,EasyPost,396211513468,3231,7.5,,Roslyn,New York,11576,Pittston,Pennsylvania,18640,94544589,12/4/2025,12/4/2025
925,Brooklinen,FedEx,FEDEX_GROUND,EasyPost,396211554413,4167,8.59,,Memphis,Tennessee,38119,Pittston,Pennsylvania,18640,94544802,12/4/2025,12/4/2025
925,Brooklinen,FedEx,FEDEX_GROUND,EasyPost,396211655217,4819,8.22,,Oak Park,Illinois,60302,Pittston,Pennsylvania,18640,94545312,12/4/2025,12/4/2025
925,Brooklinen,FedEx,FEDEX_GROUND,EasyPost,396211749887,1899,8.61,,Tucson,Arizona,85716,Arlington,Texas,76015,94545738,12/4/2025,12/4/2025
925,Brooklinen,FedEx,FEDEX_GROUND,EasyPost,396211763630,2438,8.46,,Missoula,Montana,59808,Arlington,Texas,76015,94545813,12/4/2025,12/4/2025
925,Brooklinen,FedEx,FEDEX_GROUND,EasyPost,396211772944,4167,7.75,,Traverse City,Michigan,49686,SIDNEY,Ohio,45365,94545853,12/4/2025,12/4/2025
925,Brooklinen,FedEx,FEDEX_GROUND,EasyPost,396211807714,1417,7.75,,Pawtucket,Rhode Island,2860,Pittston,Pennsylvania,18640,94546049,12/4/2025,12/4/2025
925,Brooklinen,FedEx,FEDEX_GROUND,EasyPost,396211859722,1871,7.98,,Delaware,Ohio,43015,Pittston,Pennsylvania,18640,94546327,12/4/2025,12/4/2025
925,Brooklinen,FedEx,FEDEX_GROUND,EasyPost,396211911250,3486,7.98,,New York,New York,10021,SIDNEY,Ohio,45365,94546566,12/4/2025,12/4/2025
925,Brooklinen,FedEx,FEDEX_GROUND,EasyPost,396211931777,1587,8.26,,Bellingham,Washington,98225,North Las Vegas,Nevada,89115,94546681,12/4/2025,12/4/2025
925,Brooklinen,FedEx,FEDEX_GROUND,EasyPost,396212031210,3685,8.36,,Portland,Maine,4102,SIDNEY,Ohio,45365,94547145,12/4/2025,12/4/2025
925,Brooklinen,FedEx,FEDEX_GROUND,EasyPost,396212178600,1927,8.97,,Colleyville,Texas,76034,North Las Vegas,Nevada,89115,94547810,12/4/2025,12/4/2025
925,Brooklinen,FedEx,FEDEX_GROUND,EasyPost,396212188406,1332,8.22,,Denver,Colorado,80223,Arlington,Texas,76015,94547851,12/4/2025,12/4/2025
925,Brooklinen,FedEx,FEDEX_GROUND,EasyPost,396212217244,7682,7.98,,San Ramon,California,94583,North Las Vegas,Nevada,89115,94547980,12/4/2025,12/4/2025
925,Brooklinen,FedEx,FEDEX_GROUND,EasyPost,396212249684,1332,8.22,,Choctaw,Oklahoma,73020,North Las Vegas,Nevada,89115,94548120,12/4/2025,12/4/2025
925,Brooklinen,FedEx,FEDEX_GROUND,EasyPost,396212251283,1445,7.5,,Skillman,New Jersey,8558,Pittston,Pennsylvania,18640,94548127,12/4/2025,12/4/2025
925,Brooklinen,FedEx,FEDEX_GROUND,EasyPost,396212276243,1672,8.48,,Los Angeles,California,90025,Arlington,Texas,76015,94548235,12/4/2025,12/4/2025
925,Brooklinen,FedEx,FEDEX_GROUND,EasyPost,396212303696,1445,7.5,,Skillman,New Jersey,8558,Pittston,Pennsylvania,18640,94548368,12/4/2025,12/4/2025
925,Brooklinen,FedEx,FEDEX_GROUND,EasyPost,396212348350,1700,8.26,,St. Paul,Minnesota,55105,Pittston,Pennsylvania,18640,94548567,12/4/2025,12/4/2025
925,Brooklinen,FedEx,FEDEX_GROUND,EasyPost,396212380124,1077,7.98,,Mill Valley,California,94941,North Las Vegas,Nevada,89115,94548721,12/4/2025,12/4/2025
925,Brooklinen,FedEx,FEDEX_GROUND,EasyPost,396212414240,4167,7.5,,New York,New York,10011,Pittston,Pennsylvania,18640,94548898,12/4/2025,12/4/2025
925,Brooklinen,FedEx,FEDEX_GROUND,EasyPost,396212418614,3657,7.98,,Garden City,New York,11530,SIDNEY,Ohio,45365,94548927,12/4/2025,12/4/2025
925,Brooklinen,FedEx,FEDEX_GROUND,EasyPost,396212448992,2863,8.22,,Minneapolis,Minnesota,55415,Pittston,Pennsylvania,18640,94549047,12/4/2025,12/4/2025
925,Brooklinen,FedEx,FEDEX_GROUND,EasyPost,396212524196,1871,7.5,,Garden City,New York,11530,Pittston,Pennsylvania,18640,94549365,12/4/2025,12/4/2025
925,Brooklinen,FedEx,FEDEX_GROUND,EasyPost,396212640688,2948,8.22,,Saint Petersburg,Florida,33716,Pittston,Pennsylvania,18640,94549883,12/4/2025,12/4/2025
925,Brooklinen,FedEx,FEDEX_GROUND,EasyPost,396212748729,2381,8.46,,Omaha,Nebraska,68114,North Las Vegas,Nevada,89115,94550368,12/4/2025,12/4/2025
925,Brooklinen,FedEx,FEDEX_GROUND,EasyPost,396212828248,3486,7.75,,Los Angeles,California,91411,North Las Vegas,Nevada,89115,94550739,12/4/2025,12/4/2025
925,Brooklinen,FedEx,FEDEX_GROUND,EasyPost,396213023300,2948,8.22,,Lynnwood,Washington,98087,North Las Vegas,Nevada,89115,94551651,12/4/2025,12/4/2025
925,Brooklinen,FedEx,FEDEX_GROUND,EasyPost,396213084492,1871,7.98,,Sausalito,California,94965,North Las Vegas,Nevada,89115,94551997,12/4/2025,12/4/2025
925,Brooklinen,FedEx,FEDEX_GROUND,EasyPost,396213103723,1502,8.26,,Fort Lauderdale,Florida,33309,SIDNEY,Ohio,45365,94552084,12/4/2025,12/4/2025
925,Brooklinen,FedEx,FEDEX_GROUND,EasyPost,396213252507,1502,7.75,,Irvine,California,92618,North Las Vegas,Nevada,89115,94552826,12/4/2025,12/4/2025
925,Brooklinen,FedEx,FEDEX_GROUND,EasyPost,396213260398,2097,7.98,,LAKEVILLE,Minnesota,55044-2220,SIDNEY,Ohio,45365,94552847,12/4/2025,12/4/2025
925,Brooklinen,FedEx,FEDEX_GROUND,EasyPost,396213477701,3515,7.75,,Bakersfield,California,93309,North Las Vegas,Nevada,89115,94553945,12/4/2025,12/4/2025
925,Brooklinen,FedEx,FEDEX_GROUND,EasyPost,396213502441,2097,8.97,,Henderson,Nevada,89074,Arlington,Texas,76015,94554078,12/4/2025,12/4/2025
925,Brooklinen,FedEx,FEDEX_GROUND,EasyPost,396213538730,14004,7.5,,Columbus,Ohio,43201,SIDNEY,Ohio,45365,94554256,12/4/2025,12/4/2025
925,Brooklinen,FedEx,FEDEX_GROUND,EasyPost,396213553361,4847,7.5,,Fair Lawn,New Jersey,7410,Pittston,Pennsylvania,18640,94554327,12/4/2025,12/4/2025
925,Brooklinen,FedEx,FEDEX_GROUND,EasyPost,396213663549,1871,7.5,,Long Island City,New York,11101,Pittston,Pennsylvania,18640,94554841,12/4/2025,12/4/2025
925,Brooklinen,FedEx,FEDEX_GROUND,EasyPost,396213855811,1502,7.98,,Ann Arbor,Michigan,48104,Pittston,Pennsylvania,18640,94555823,12/4/2025,12/4/2025
925,Brooklinen,FedEx,FEDEX_GROUND,EasyPost,396213989054,1871,8.61,,Clayton,Missouri,63105,Pittston,Pennsylvania,18640,94556579,12/4/2025,12/4/2025
925,Brooklinen,FedEx,FEDEX_GROUND,EasyPost,396214052140,1814,8.26,,Chicago,Illinois,60613,Pittston,Pennsylvania,18640,94556905,12/4/2025,12/4/2025
925,Brooklinen,FedEx,FEDEX_GROUND,EasyPost,396214130414,3798,7.98,7.98,Secaucus,New Jersey,7094,SIDNEY,Ohio,45365,94557298,12/4/2025,12/4/2025
925,Brooklinen,FedEx,FEDEX_GROUND,EasyPost,396214381855,2126,7.98,,San Jose,California,95125,North Las Vegas,Nevada,89115,94558514,12/4/2025,12/4/2025
925,Brooklinen,FedEx,FEDEX_GROUND,EasyPost,396214509306,1445,7.98,,Vacaville,California,95687,North Las Vegas,Nevada,89115,94559020,12/4/2025,12/4/2025
925,Brooklinen,FedEx,FEDEX_GROUND,EasyPost,396214525508,1672,8.26,,Mound,Minnesota,55364,Pittston,Pennsylvania,18640,94559092,12/4/2025,12/4/2025
925,Brooklinen,FedEx,FEDEX_GROUND,EasyPost,396214667573,3628,7.98,,Mill Valley,California,94941,North Las Vegas,Nevada,89115,94559534,12/4/2025,12/4/2025
925,Brooklinen,FedEx,FEDEX_GROUND,EasyPost,396214885784,1247,7.75,,Arcadia,California,91007,North Las Vegas,Nevada,89115,94560183,12/4/2025,12/4/2025
925,Brooklinen,FedEx,FEDEX_GROUND,EasyPost,396215099650,1502,7.98,,San Francisco,California,94117,North Las Vegas,Nevada,89115,94560715,12/4/2025,12/4/2025
925,Brooklinen,FedEx,FEDEX_GROUND,EasyPost,396215183804,878,7.75,,LOS ANGELES,California,90025-5495,North Las Vegas,Nevada,89115,94560905,12/4/2025,12/4/2025
925,Brooklinen,FedEx,FEDEX_GROUND,EasyPost,396215367115,992,8.69,,Belmont,California,94002,Arlington,Texas,76015,94561365,12/4/2025,12/4/2025
925,Brooklinen,FedEx,FEDEX_GROUND,EasyPost,396215492380,1672,9.07,,Seattle,Washington,98122,Arlington,Texas,76015,94561577,12/4/2025,12/4/2025
925,Brooklinen,FedEx,FEDEX_GROUND,EasyPost,396215849370,3685,7.75,,Gordonsville,Tennessee,38563,SIDNEY,Ohio,45365,94562429,12/4/2025,12/4/2025
925,Brooklinen,FedEx,FEDEX_GROUND,EasyPost,396215851006,1162,7.98,,San Francisco,California,94118,North Las Vegas,Nevada,89115,94562435,12/4/2025,12/4/2025
925,Brooklinen,FedEx,FEDEX_GROUND,EasyPost,396215979413,2097,8.61,,Naples,Florida,34114,SIDNEY,Ohio,45365,94562666,12/4/2025,12/4/2025
925,Brooklinen,FedEx,FEDEX_GROUND,EasyPost,396216177492,3316,8.3,,Louisville,Colorado,80027,North Las Vegas,Nevada,89115,94563046,12/4/2025,12/4/2025
925,Brooklinen,FedEx,FEDEX_GROUND,EasyPost,396217207565,3486,7.98,,Albany,California,94706,North Las Vegas,Nevada,89115,94564850,12/4/2025,12/4/2025
925,Brooklinen,FedEx,FEDEX_GROUND,EasyPost,396217677448,2239,9.49,,PORTLAND,Oregon,97232,Arlington,Texas,76015,94565694,12/4/2025,12/4/2025
925,Brooklinen,FedEx,FEDEX_GROUND,EasyPost,396217829029,737,8.22,,Lewiston,Maine,4240,SIDNEY,Ohio,45365,94565993,12/4/2025,12/4/2025
925,Brooklinen,FedEx,FEDEX_GROUND,EasyPost,396219817315,5499,7.75,,Norfolk,Virginia,23518,Pittston,Pennsylvania,18640,94569697,12/4/2025,12/4/2025
925,Brooklinen,FedEx,FEDEX_GROUND,EasyPost,396220613075,1871,8.97,,San Antonio,Texas,78209,North Las Vegas,Nevada,89115,94571016,12/4/2025,12/4/2025
925,Brooklinen,FedEx,FEDEX_GROUND,EasyPost,396221014862,2126,7.75,,HOPKINTON,Massachusetts,1748,Pittston,Pennsylvania,18640,94571641,12/4/2025,12/4/2025
925,Brooklinen,FedEx,FEDEX_GROUND,EasyPost,396221133242,7087,7.75,,HOPKINTON,Massachusetts,1748,Pittston,Pennsylvania,18640,94571813,12/4/2025,12/4/2025
925,Brooklinen,FedEx,FEDEX_GROUND,EasyPost,396221321667,1502,8.26,,Griffin,Georgia,30224,Pittston,Pennsylvania,18640,94572087,12/4/2025,12/4/2025
925,Brooklinen,FedEx,FEDEX_GROUND,EasyPost,396221926920,3288,8.58,,Los Angeles,California,90066,Arlington,Texas,76015,94573013,12/4/2025,12/4/2025
925,Brooklinen,FedEx,FEDEX_GROUND,EasyPost,396222269529,2778,7.75,,Boston,Massachusetts,2114,Pittston,Pennsylvania,18640,94573470,12/4/2025,12/4/2025
925,Brooklinen,FedEx,FEDEX_GROUND,EasyPost,396222409790,1871,7.98,,Navarre,Florida,32566,Arlington,Texas,76015,94573707,12/4/2025,12/4/2025
925,Brooklinen,FedEx,FEDEX_GROUND,EasyPost,396222802514,878,7.98,,Monroe,North Carolina,28110,Pittston,Pennsylvania,18640,94574335,12/4/2025,12/4/2025
925,Brooklinen,FedEx,FEDEX_GROUND,EasyPost,396223488982,10659,8.76,,Eureka,California,95503,North Las Vegas,Nevada,89115,94575301,12/4/2025,12/4/2025
925,Brooklinen,FedEx,FEDEX_GROUND,EasyPost,396223827948,935,8.46,,Austin,Texas,78746,North Las Vegas,Nevada,89115,94575693,12/4/2025,12/4/2025
925,Brooklinen,FedEx,FEDEX_GROUND,EasyPost,396223902535,3458,8.3,,Springfield,Oregon,97478,North Las Vegas,Nevada,89115,94575785,12/4/2025,12/4/2025
925,Brooklinen,FedEx,FEDEX_GROUND,EasyPost,396224026534,1842,8.61,,Atlanta,Georgia,30307,Pittston,Pennsylvania,18640,94575976,12/4/2025,12/4/2025
925,Brooklinen,FedEx,FEDEX_GROUND,EasyPost,396224414185,8788,10.19,,Newburyport,Massachusetts,1950,SIDNEY,Ohio,45365,94576500,12/4/2025,12/4/2025
925,Brooklinen,FedEx,FEDEX_GROUND,EasyPost,396225226558,2097,7.75,,Houston,Texas,77002,Arlington,Texas,76015,94577577,12/4/2025,12/4/2025
925,Brooklinen,FedEx,FEDEX_GROUND,EasyPost,396225314763,1502,7.98,,San Francisco,California,94123,North Las Vegas,Nevada,89115,94577694,12/4/2025,12/4/2025
925,Brooklinen,FedEx,FEDEX_GROUND,EasyPost,396225656437,1644,7.75,,Carol Stream,Illinois,60188,SIDNEY,Ohio,45365,94578209,12/4/2025,12/4/2025
925,Brooklinen,FedEx,FEDEX_GROUND,EasyPost,396226241120,1162,7.98,,Ann Arbor,Michigan,48103,Pittston,Pennsylvania,18640,94579013,12/4/2025,12/4/2025
925,Brooklinen,FedEx,FEDEX_GROUND,EasyPost,396226534068,1502,8.48,,Baton Rouge,Louisiana,70808,Pittston,Pennsylvania,18640,94579474,12/4/2025,12/4/2025
925,Brooklinen,FedEx,FEDEX_GROUND,EasyPost,396227211113,2097,8.61,,Sun Prairie,Wisconsin,53590,Pittston,Pennsylvania,18640,94580510,12/4/2025,12/4/2025
925,Brooklinen,FedEx,FEDEX_GROUND,EasyPost,396227260578,4025,8.76,,Houston,Texas,77018,North Las Vegas,Nevada,89115,94580584,12/4/2025,12/4/2025
925,Brooklinen,FedEx,FEDEX_GROUND,EasyPost,396227427107,2097,7.5,,Whitestone,New York,11357,Pittston,Pennsylvania,18640,94580842,12/4/2025,12/4/2025
925,Brooklinen,FedEx,FEDEX_GROUND,EasyPost,396227916250,2324,7.5,,Cincinnati,Ohio,45246,SIDNEY,Ohio,45365,94581494,12/4/2025,12/4/2025
925,Brooklinen,FedEx,FEDEX_GROUND,EasyPost,396228497165,1417,7.98,,Greenville,South Carolina,29609,SIDNEY,Ohio,45365,94582330,12/4/2025,12/4/2025
925,Brooklinen,FedEx,FEDEX_GROUND,EasyPost,396228797255,2126,7.5,,New York,New York,10013,Pittston,Pennsylvania,18640,94582796,12/4/2025,12/4/2025
925,Brooklinen,FedEx,FEDEX_GROUND,EasyPost,396230214623,1048,8.22,,Vancouver,Washington,98685,North Las Vegas,Nevada,89115,94584973,12/4/2025,12/4/2025
925,Brooklinen,FedEx,FEDEX_GROUND,EasyPost,396230693706,3912,7.98,,Woodbury,Minnesota,55129,SIDNEY,Ohio,45365,94585706,12/4/2025,12/4/2025
925,Brooklinen,FedEx,FEDEX_GROUND,EasyPost,396231263937,538,7.75,,Alexandria,Virginia,22301-1290,Pittston,Pennsylvania,18640,94586519,12/4/2025,12/4/2025
925,Brooklinen,FedEx,FEDEX_GROUND,EasyPost,396231271980,2097,8.97,,Naples,Florida,34112,Pittston,Pennsylvania,18640,94586547,12/4/2025,12/4/2025
925,Brooklinen,FedEx,FEDEX_GROUND,EasyPost,396231687111,1871,8.97,,Austin,Texas,78704,North Las Vegas,Nevada,89115,94587101,12/4/2025,12/4/2025
925,Brooklinen,FedEx,FEDEX_GROUND,EasyPost,396231755690,1672,7.5,,Sellersville,Pennsylvania,18960,Pittston,Pennsylvania,18640,94587205,12/4/2025,12/4/2025
925,Brooklinen,FedEx,FEDEX_GROUND,EasyPost,396232054510,6151,7.98,7.98,Bethlehem,Pennsylvania,18015,SIDNEY,Ohio,45365,94587597,12/4/2025,12/4/2025
925,Brooklinen,FedEx,FEDEX_GROUND,EasyPost,396232214177,2778,7.75,,Palmdale,California,93551,North Las Vegas,Nevada,89115,94587845,12/4/2025,12/4/2025
925,Brooklinen,FedEx,FEDEX_GROUND,EasyPost,396232522059,2041,7.98,,Chapel hill,North Carolina,27516,SIDNEY,Ohio,45365,94588272,12/4/2025,12/4/2025
925,Brooklinen,FedEx,FEDEX_GROUND,EasyPost,396233302036,595,7.5,,NY,New York,10014,Pittston,Pennsylvania,18640,94589399,12/4/2025,12/4/2025
925,Brooklinen,FedEx,FEDEX_GROUND,EasyPost,396233313640,3628,7.5,,Stony Brook,New York,11790-2327,Pittston,Pennsylvania,18640,94589420,12/4/2025,12/4/2025
925,Brooklinen,FedEx,FEDEX_GROUND,EasyPost,396233472881,7087,7.5,,Adamstown,Pennsylvania,19501,Pittston,Pennsylvania,18640,94589640,12/4/2025,12/4/2025
925,Brooklinen,FedEx,FEDEX_GROUND,EasyPost,396233617140,793,7.98,,Boulder,Colorado,80301,North Las Vegas,Nevada,89115,94589825,12/4/2025,12/4/2025
925,Brooklinen,FedEx,FEDEX_GROUND,EasyPost,396234441385,3231,7.5,,Brooklyn,New York,11222,Pittston,Pennsylvania,18640,94591038,12/4/2025,12/4/2025
925,Brooklinen,FedEx,FEDEX_GROUND,EasyPost,396234752120,2636,7.5,,Princeton,New Jersey,8540,Pittston,Pennsylvania,18640,94591503,12/4/2025,12/4/2025
925,Brooklinen,FedEx,FEDEX_GROUND,EasyPost,396235266184,5499,8.22,,Edina,Minnesota,55424,Pittston,Pennsylvania,18640,94592275,12/4/2025,12/4/2025
925,Brooklinen,FedEx,FEDEX_GROUND,EasyPost,396235501987,2069,7.98,,Goshen,New York,10924,SIDNEY,Ohio,45365,94592609,12/4/2025,12/4/2025
925,Brooklinen,FedEx,FEDEX_GROUND,EasyPost,396235516497,2948,8.46,,Pasadena,California,91105,Arlington,Texas,76015,94592631,12/4/2025,12/4/2025
925,Brooklinen,FedEx,FEDEX_GROUND,EasyPost,396235624763,1445,8.26,,Amarillo,Texas,79109,North Las Vegas,Nevada,89115,94592803,12/4/2025,12/4/2025
925,Brooklinen,FedEx,FEDEX_GROUND,EasyPost,396235741600,11623,7.5,,New York,New York,10065,Pittston,Pennsylvania,18640,94592960,12/4/2025,12/4/2025
925,Brooklinen,FedEx,FEDEX_GROUND,EasyPost,396235813647,1502,7.98,,SCARBOROUGH,Maine,04074-9172,Pittston,Pennsylvania,18640,94593067,12/4/2025,12/4/2025
925,Brooklinen,FedEx,FEDEX_GROUND,EasyPost,396236057250,1502,8.26,,Bend,Oregon,97702,North Las Vegas,Nevada,89115,94593426,12/4/2025,12/4/2025
925,Brooklinen,FedEx,FEDEX_GROUND,EasyPost,396236273859,8193,9.81,,Centennial,Colorado,80015,North Las Vegas,Nevada,89115,94593704,12/4/2025,12/4/2025
925,Brooklinen,FedEx,FEDEX_GROUND,EasyPost,396236610053,3685,7.75,,San Diego,California,92117,North Las Vegas,Nevada,89115,94594226,12/4/2025,12/4/2025
925,Brooklinen,FedEx,FEDEX_GROUND,EasyPost,396237146491,4309,7.5,,Dallas,Texas,75229,Arlington,Texas,76015,94595001,12/4/2025,12/4/2025
925,Brooklinen,FedEx,FEDEX_GROUND,EasyPost,396237766916,1672,7.75,,Chicago,Illinois,60614,SIDNEY,Ohio,45365,94595959,12/4/2025,12/4/2025
925,Brooklinen,FedEx,FEDEX_GROUND,EasyPost,396239137250,1048,7.98,,Albuquerque,New Mexico,87176,North Las Vegas,Nevada,89115,94598051,12/4/2025,12/4/2025
925,Brooklinen,FedEx,FEDEX_GROUND,EasyPost,396239222938,1871,8.61,,Luck,Wisconsin,54853,Pittston,Pennsylvania,18640,94598191,12/4/2025,12/4/2025
925,Brooklinen,FedEx,FEDEX_GROUND,EasyPost,396239383439,2126,7.75,,San Bernardino,California,92407,North Las Vegas,Nevada,89115,94598431,12/4/2025,12/4/2025
925,Brooklinen,FedEx,FEDEX_GROUND,EasyPost,396239392250,4394,8.86,,Austin,Texas,78748,North Las Vegas,Nevada,89115,94598447,12/4/2025,12/4/2025
925,Brooklinen,FedEx,FEDEX_GROUND,EasyPost,396239398980,1445,8.26,,Highlands Ranch,Colorado,80126-2045,North Las Vegas,Nevada,89115,94598469,12/4/2025,12/4/2025
925,Brooklinen,FedEx,FEDEX_GROUND,EasyPost,396239616040,5953,8.25,,Westminster,Colorado,80030,Arlington,Texas,76015,94598841,12/4/2025,12/4/2025
925,Brooklinen,FedEx,FEDEX_GROUND,EasyPost,396239893190,1502,7.5,,East Hartford,Connecticut,6118,Pittston,Pennsylvania,18640,94599313,12/4/2025,12/4/2025
925,Brooklinen,FedEx,FEDEX_GROUND,EasyPost,396239970593,1530,9.07,,San Francisco,California,94114,Arlington,Texas,76015,94599444,12/4/2025,12/4/2025
925,Brooklinen,FedEx,FEDEX_GROUND,EasyPost,396240134244,2863,7.98,,San Francisco,California,94114,North Las Vegas,Nevada,89115,94599711,12/4/2025,12/4/2025
925,Brooklinen,FedEx,FEDEX_GROUND,EasyPost,396240333655,4139,8.86,,Port St Lucie,Florida,34986,Pittston,Pennsylvania,18640,94600034,12/4/2025,12/4/2025
925,Brooklinen,FedEx,FEDEX_GROUND,EasyPost,396240343873,7087,10.5,,Lake Oswego,Oregon,97034,Marysville,California,95901,94600052,12/4/2025,12/4/2025
925,Brooklinen,FedEx,FEDEX_GROUND,EasyPost,396240791247,3685,8.76,,San Diego,California,92114,Arlington,Texas,76015,94600791,12/4/2025,12/4/2025
925,Brooklinen,FedEx,FEDEX_GROUND,EasyPost,396240946905,311,7.98,,Watsonville,California,95076,North Las Vegas,Nevada,89115,94601057,12/4/2025,12/4/2025
925,Brooklinen,FedEx,FEDEX_GROUND,EasyPost,396241029043,1871,7.5,,New York,New York,10036,Pittston,Pennsylvania,18640,94601200,12/4/2025,12/4/2025
925,Brooklinen,FedEx,FEDEX_GROUND,EasyPost,396241407543,5698,8.83,,Cedar Park,Texas,78613,North Las Vegas,Nevada,89115,94601856,12/4/2025,12/4/2025
925,Brooklinen,FedEx,FEDEX_GROUND,EasyPost,396241635159,2438,7.75,,Los Angeles,California,90019,North Las Vegas,Nevada,89115,94602281,12/4/2025,12/4/2025
925,Brooklinen,FedEx,FEDEX_GROUND,EasyPost,396241885262,1077,7.75,,Atascadero,California,93422,North Las Vegas,Nevada,89115,94602690,12/4/2025,12/4/2025
925,Brooklinen,FedEx,FEDEX_GROUND,EasyPost,396241966075,5839,7.75,,Encino,California,91316,North Las Vegas,Nevada,89115,94602821,12/4/2025,12/4/2025
925,Brooklinen,FedEx,FEDEX_GROUND,EasyPost,396242128528,2834,7.98,,Patagonia,Arizona,85624,North Las Vegas,Nevada,89115,94603073,12/4/2025,12/4/2025
925,Brooklinen,FedEx,FEDEX_GROUND,EasyPost,396242159940,2409,7.98,,Bayonne,New Jersey,7002,SIDNEY,Ohio,45365,94603123,12/4/2025,12/4/2025
925,Brooklinen,FedEx,FEDEX_GROUND,EasyPost,396242460080,4819,7.75,,Bentonville,Arkansas,72712,Arlington,Texas,76015,94603665,12/4/2025,12/4/2025
925,Brooklinen,FedEx,FEDEX_GROUND,EasyPost,396242588112,3486,7.98,,Rock Hill,South Carolina,29732,Pittston,Pennsylvania,18640,94603889,12/4/2025,12/4/2025
925,Brooklinen,FedEx,FEDEX_GROUND,EasyPost,396242825322,1530,7.5,,Doylestown,Pennsylvania,18902,Pittston,Pennsylvania,18640,94604278,12/4/2025,12/4/2025
925,Brooklinen,FedEx,FEDEX_GROUND,EasyPost,396243621707,3430,7.5,,Middletown,Delaware,19709,Pittston,Pennsylvania,18640,94605625,12/4/2025,12/4/2025
925,Brooklinen,FedEx,FEDEX_GROUND,EasyPost,396243658370,6747,7.5,,New York,New York,10003,Pittston,Pennsylvania,18640,94605686,12/4/2025,12/4/2025
925,Brooklinen,FedEx,FEDEX_GROUND,EasyPost,396244256420,1105,8.46,,Pea Ridge,Arkansas,72751-2324,North Las Vegas,Nevada,89115,94606704,12/4/2025,12/4/2025
925,Brooklinen,FedEx,FEDEX_GROUND,EasyPost,396245155472,2126,8.61,,Yakima,Washington,98908,North Las Vegas,Nevada,89115,94608176,12/4/2025,12/4/2025
925,Brooklinen,FedEx,FEDEX_GROUND,EasyPost,396245404285,283,7.75,,Westlake Village,California,91361,North Las Vegas,Nevada,89115,94608572,12/4/2025,12/4/2025
925,Brooklinen,FedEx,FEDEX_GROUND,EasyPost,396245632225,5301,7.98,,Athens,Ohio,45701,Pittston,Pennsylvania,18640,94608987,12/4/2025,12/4/2025
925,Brooklinen,FedEx,FEDEX_GROUND,EasyPost,396245667918,3231,7.75,,Chicago,Illinois,60613,SIDNEY,Ohio,45365,94609049,12/4/2025,12/4/2025
925,Brooklinen,FedEx,FEDEX_GROUND,EasyPost,396245786147,2466,7.5,,New York,New York,10024,Pittston,Pennsylvania,18640,94609247,12/4/2025,12/4/2025
925,Brooklinen,FedEx,FEDEX_GROUND,EasyPost,396245944076,3090,7.98,,Belmont,California,94002,North Las Vegas,Nevada,89115,94609508,12/4/2025,12/4/2025
925,Brooklinen,FedEx,FEDEX_GROUND,EasyPost,396246081760,1871,8.61,,Louisville,Colorado,80027,Arlington,Texas,76015,94609735,12/4/2025,12/4/2025
925,Brooklinen,FedEx,FEDEX_GROUND,EasyPost,396246165930,6577,7.98,,Santa Cruz,California,95062,North Las Vegas,Nevada,89115,94609881,12/4/2025,12/4/2025
925,Brooklinen,FedEx,FEDEX_GROUND,EasyPost,396246254111,1502,8.26,,Edmonds,Washington,98026,North Las Vegas,Nevada,89115,94610044,12/4/2025,12/4/2025
925,Brooklinen,FedEx,FEDEX_GROUND,EasyPost,396246465125,1871,8.97,,Playa Vista,California,90094,Arlington,Texas,76015,94610383,12/4/2025,12/4/2025
925,Brooklinen,FedEx,FEDEX_GROUND,EasyPost,396246738818,4167,7.98,,Van Dyne,Wisconsin,54979,SIDNEY,Ohio,45365,94610828,12/4/2025,12/4/2025
925,Brooklinen,FedEx,FEDEX_GROUND,EasyPost,396247133768,2409,7.5,,CROTON ON HUDSON,New York,10520,Pittston,Pennsylvania,18640,94611435,12/4/2025,12/4/2025
925,Brooklinen,FedEx,FEDEX_GROUND,EasyPost,396247257404,3486,8.58,,Manchaca,Texas,78652,North Las Vegas,Nevada,89115,94611606,12/4/2025,12/4/2025
925,Brooklinen,FedEx,FEDEX_GROUND,EasyPost,396247463655,3005,8.22,,Lynden,Washington,98264,North Las Vegas,Nevada,89115,94611969,12/4/2025,12/4/2025
925,Brooklinen,FedEx,FEDEX_GROUND,EasyPost,396247730125,2778,8.22,,Chicago,Illinois,60613,Pittston,Pennsylvania,18640,94612416,12/4/2025,12/4/2025
925,Brooklinen,FedEx,FEDEX_GROUND,EasyPost,396247840162,1842,7.98,,Indianapolis,Indiana,46202,Pittston,Pennsylvania,18640,94612592,12/4/2025,12/4/2025
925,Brooklinen,FedEx,FEDEX_GROUND,EasyPost,396247961976,1672,7.75,,Beverly Hills,California,90211,North Las Vegas,Nevada,89115,94612783,12/4/2025,12/4/2025
925,Brooklinen,FedEx,FEDEX_GROUND,EasyPost,396248109921,3005,7.98,,Kensington,Maryland,20895,SIDNEY,Ohio,45365,94613031,12/4/2025,12/4/2025
925,Brooklinen,FedEx,FEDEX_GROUND,EasyPost,396248325279,2154,8.61,,Mokena,Illinois,60448,Pittston,Pennsylvania,18640,94613361,12/4/2025,12/4/2025
925,Brooklinen,FedEx,FEDEX_GROUND,EasyPost,396248979595,2778,8.22,,Blackstone,Massachusetts,1504,SIDNEY,Ohio,45365,94614502,12/4/2025,12/4/2025
925,Brooklinen,FedEx,FEDEX_GROUND,EasyPost,396248985259,1502,7.75,,Westerly,Rhode Island,2891,Pittston,Pennsylvania,18640,94614514,12/4/2025,12/4/2025